得意先コード,封筒,袋,はがき
1,1,1,0
3,1,1,0
4,1,1,0
6,1,1,0
7,1,1,1
8,1,0,0
14,1,0,0
20,1,1,0
22,1,1,0
26,1,1,0
29,1,1,0
35,0,1,0
38,1,1,0
41,1,0,0
49,0,0,0
51,1,0,0
53,1,0,0
65,1,1,0
67,1,1,0
68,1,1,0
70,1,1,1
72,1,1,0
73,1,1,0
74,1,1,0
76,1,1,0
78,1,0,0
80,1,1,0
86,1,1,0
88,0,1,0
93,0,0,0
99,1,1,0
100,1,1,0
102,1,0,0
104,1,1,0
108,1,1,0
110,1,1,0
112,1,1,0
116,1,0,0
124,1,1,0
126,1,1,0
129,0,0,0
130,1,1,0
132,1,1,0
135,1,1,0
138,1,1,0
140,1,1,0
141,1,1,0
144,1,1,0
145,1,1,0
146,1,1,0
150,1,1,0
151,0,0,0
152,1,1,0
160,1,1,0
161,1,1,0
166,0,1,0
171,1,1,0
172,1,1,0
175,1,1,0
177,1,1,0
181,0,0,0
182,1,1,0
184,0,0,0
192,1,1,1
196,1,1,0
198,1,1,1
199,1,0,0
203,0,1,0
204,0,1,0
205,1,0,0
206,1,1,0
210,1,1,0
216,1,0,0
217,1,0,0
221,1,1,0
241,1,1,0
245,1,1,1
249,1,1,0
259,1,0,0
270,1,1,0
271,1,1,0
272,0,0,0
284,1,0,0
291,1,1,0
292,1,1,0
295,1,1,0
299,1,1,0
310,1,1,0
311,0,1,0
312,0,1,0
313,0,0,0
316,0,0,0
320,1,1,0
328,0,1,0
329,1,1,0
330,1,1,0
333,1,1,0
335,1,0,0
337,1,0,0
339,0,1,0
340,1,0,0
374,1,0,0
376,1,0,0
382,1,1,0
391,1,1,0
395,1,1,0
401,0,0,0
402,0,1,0
403,1,1,0
404,1,0,0
406,0,0,0
407,0,0,0
408,0,0,0
409,1,0,0
412,1,0,0
415,0,0,0
417,1,0,0
419,1,0,0
420,1,1,0
422,0,0,0
423,1,0,0
427,0,1,0
428,1,1,0
430,1,1,0
431,1,0,0
432,1,1,0
433,1,1,1
434,0,0,0
435,1,0,0
436,1,1,0
437,0,0,0
450,1,1,0
460,1,1,0
462,1,1,0
465,1,1,0
467,1,1,1
469,0,0,0
471,0,0,0
472,1,0,0
476,0,0,0
477,1,1,0
478,1,0,0
479,0,1,0
480,1,0,0
482,1,1,0
484,1,0,0
485,1,0,0
486,1,0,0
487,1,0,0
488,1,1,0
489,1,0,0
490,1,0,0
500,1,1,0
501,1,1,0
504,1,1,0
505,1,1,0
507,1,1,0
508,1,1,0
511,1,1,0
512,1,1,0
514,1,1,0
515,1,1,0
516,1,0,0
525,1,0,0
528,0,0,0
530,1,0,0
549,1,1,0
550,1,1,0
553,1,1,0
554,1,1,0
556,1,1,0
562,1,0,0
564,0,0,0
565,1,0,0
566,1,0,0
567,1,0,0
568,1,0,0
569,1,0,0
570,1,0,0
571,0,0,0
572,1,1,0
573,0,1,0
575,1,0,0
577,1,0,0
578,1,0,0
579,0,1,0
581,1,0,0
582,0,0,0
583,1,0,0
601,1,1,0
603,1,1,0
604,1,1,0
608,1,1,0
613,1,1,0
614,1,1,0
615,1,1,0
627,1,1,0
630,0,0,0
632,1,1,0
641,0,1,0
643,0,0,0
644,1,1,0
646,1,1,0
648,0,0,0
651,1,1,0
652,1,1,0
655,1,1,0
656,1,1,0
658,1,1,0
660,1,1,0
663,1,1,0
664,1,1,0
665,1,1,0
667,1,1,0
669,0,1,0
677,0,0,0
680,1,0,0
681,1,0,0
682,1,1,0
683,0,1,0
684,1,0,0
685,1,1,0
686,0,1,0
688,1,0,0
689,1,1,0
690,1,0,0
691,1,1,0
692,1,0,0
693,1,0,0
694,1,0,0
695,1,0,0
696,1,1,0
697,1,0,0
699,0,1,0
700,1,1,0
702,1,1,0
705,1,0,0
706,1,1,0
714,1,1,0
720,1,1,0
749,1,1,0
751,1,1,0
752,1,1,0
756,1,1,0
758,1,1,0
759,1,1,0
760,1,1,0
791,1,0,0
792,0,1,0
793,0,1,0
795,1,1,0
796,0,0,0
797,0,0,0
799,1,1,0
802,1,1,0
803,1,0,0
806,1,0,0
807,1,0,0
810,1,1,0
816,1,1,0
817,1,0,0
822,1,1,0
823,0,0,0
824,1,1,0
828,1,0,0
829,0,1,0
830,1,0,0
850,1,1,0
853,1,1,0
854,1,1,0
855,1,1,0
856,1,1,0
858,1,1,0
866,1,1,0
867,1,0,0
870,1,1,0
877,1,1,0
878,1,0,0
879,1,1,0
881,1,1,0
882,1,1,0
883,1,1,0
886,0,1,0
887,0,1,0
893,1,1,0
900,1,1,0
903,1,1,0
907,1,1,0
908,1,1,0
913,1,1,0
915,1,1,0
918,1,0,0
923,0,0,0
925,1,1,0
937,0,1,0
946,0,1,0
966,1,1,0
967,1,1,0
972,1,1,0
973,1,1,0
974,0,1,0
975,0,0,0
976,1,1,0
977,0,1,0
978,1,1,0
979,1,0,0
980,1,0,0
981,0,0,1
982,1,1,0
1001,0,0,0
1016,1,0,0
1017,0,1,0
1023,1,0,0
1033,1,1,0
1034,0,1,0
1037,0,1,0
1038,1,0,0
1054,1,1,0
1057,1,0,0
1061,1,1,0
1062,1,0,0
1063,1,0,0
1064,0,0,0
1065,1,0,0
1066,1,0,0
1067,0,1,0
1068,0,0,0
1137,1,0,0
1140,0,0,0
1142,1,1,0
1146,1,1,0
1149,0,1,0
1153,1,1,0
1154,1,1,1
1155,0,0,0
1156,0,1,0
1157,1,0,0
1158,0,1,0
1159,1,1,0
1160,1,1,0
1161,1,1,0
1163,0,1,0
1164,1,1,0
1166,0,0,0
1168,1,0,0
1169,1,1,0
1170,1,0,0
1171,0,1,0
1188,1,1,0
1189,1,1,0
1191,1,1,0
1192,1,1,0
1193,1,1,0
1194,1,1,0
1200,0,1,0
1202,0,1,0
1203,0,0,0
1206,0,1,0
1212,0,0,0
1213,0,0,0
1214,0,0,0
1215,1,1,0
1217,1,0,0
1250,0,1,0
1251,1,1,0
1252,1,1,0
1253,0,1,0
1254,0,1,0
1255,0,0,0
1256,1,1,0
1257,0,1,0
1258,0,1,0
1259,1,0,0
1260,1,0,0
1261,0,1,0
1262,0,0,0
1263,0,0,0
1303,1,0,0
1304,1,0,0
1310,0,1,0
1311,1,0,0
1312,0,1,0
1314,1,0,0
1316,0,0,0
1317,1,1,0
1318,0,0,0
1350,1,1,0
1352,0,1,0
1353,1,1,0
1401,1,1,0
1402,1,0,1
1403,0,0,0
1404,1,1,0
1405,0,0,1
1451,1,1,0
1452,1,0,0
1527,1,1,0
1528,1,1,0
1531,0,0,0
1537,0,0,0
1538,1,1,0
1544,1,1,0
1545,1,0,0
1546,1,0,0
1547,1,0,0
1548,1,0,0
1549,1,1,0
1550,1,1,0
1551,1,0,0
1552,0,1,0
1556,1,1,0
1557,1,1,0
1559,1,0,0
1560,1,1,0
1562,0,1,0
1563,0,1,0
1564,1,1,0
1565,1,0,0
1566,1,1,0
1567,0,1,0
1568,1,0,0
1569,1,1,0
1570,0,1,0
1571,1,0,0
1572,1,1,0
1573,1,0,1
1574,1,1,0
1575,1,0,0
1576,1,1,0
1577,0,1,0
1602,0,0,0
1605,1,0,1
1606,0,1,0
1608,0,1,0
1633,0,0,0
1651,0,1,0
1652,0,0,0
1700,1,0,0
1703,0,0,0
1704,1,1,0
1705,1,0,0
1706,0,1,0
1707,1,0,0
1708,0,0,0
1807,1,0,0
1808,0,1,0
1818,1,0,0
1819,1,0,0
1820,0,0,0
1821,1,0,0
1822,0,0,0
1823,0,0,0
1824,1,0,0
1825,0,1,0
1826,1,1,0
1827,1,1,0
1829,0,0,0
1918,1,1,0
1921,0,0,0
1922,1,1,0
1924,1,0,0
1926,1,0,0
1927,1,1,0
1957,1,0,0
1959,1,1,0
1960,0,1,0
1963,0,1,0
1964,0,0,0
2011,1,0,0
2019,1,1,0
2020,1,0,0
2022,0,0,0
2023,0,1,0
2024,1,1,0
2025,1,1,0
2026,1,1,0
2027,0,0,0
2047,0,1,0
2048,0,0,0
2052,1,1,1
2116,0,1,0
2117,0,1,0
2122,1,1,0
2124,1,1,0
2125,0,0,0
2126,1,1,0
2127,0,0,0
2128,0,1,0
2129,1,0,0
2130,1,0,0
2131,1,1,0
2132,0,0,0
2134,1,0,0
2137,1,0,0
2138,0,0,1
2139,1,0,0
2140,0,0,0
2150,0,0,0
2201,1,1,0
2202,0,1,0
2250,1,1,0
2251,1,0,0
2252,1,0,0
2304,1,0,0
2305,1,0,0
2404,1,0,0
2405,1,0,0
2512,0,0,0
2526,1,0,1
2529,0,0,0
2530,1,1,0
2531,1,1,0
2532,1,1,0
2535,1,1,0
2536,1,1,0
2537,1,0,0
2538,1,0,0
2539,0,0,0
2540,1,0,0
2541,0,1,0
2542,0,0,0
2543,0,1,0
2544,0,0,0
2545,1,0,0
2546,1,0,0
2550,1,1,0
2552,1,1,0
2555,1,0,0
2611,1,1,0
2615,0,1,0
2620,0,0,0
2651,0,1,0
2653,1,1,0
2654,1,0,0
2655,0,0,0
2656,0,1,0
2657,1,1,0
2658,1,1,0
2659,1,1,0
2660,0,0,0
2661,1,0,0
2662,1,0,0
2663,0,0,0
2670,0,1,0
2706,1,0,0
2730,1,0,0
2735,1,1,0
2754,1,1,0
2756,1,0,0
2757,1,0,0
2767,1,1,0
2770,1,1,0
2771,1,1,0
2809,1,1,0
2811,1,0,0
2812,0,1,0
2816,1,0,0
2817,1,0,0
2818,1,0,0
2819,1,0,1
2821,1,1,0
2822,1,0,0
2823,1,0,0
2824,1,0,0
2825,1,1,0
2826,1,1,0
2827,1,0,0
2828,0,1,0
2829,1,0,0
2830,0,0,0
2831,0,1,0
2832,0,1,0
2833,1,1,0
2834,0,1,0
2835,0,1,0
2836,1,1,0
2837,1,0,0
2838,1,0,0
2839,1,1,0
2840,1,0,0
2841,0,0,0
2842,0,0,0
2843,0,1,0
2844,1,0,0
2846,1,0,0
2908,1,0,0
2911,0,0,0
2912,1,0,0
2913,1,1,0
2914,1,0,0
2933,1,1,0
2934,0,0,0
2935,0,1,0
2936,0,0,0
2937,1,0,0
3005,1,1,0
3007,1,1,0
3013,0,0,1
3014,1,1,0
3016,1,1,0
3017,0,0,0
3018,0,0,0
3019,1,1,0
3020,0,1,0
3021,1,0,0
3022,1,0,0
3023,0,0,1
3024,0,0,0
3025,1,0,0
3026,1,1,0
3051,1,1,0
3052,1,0,0
3102,0,1,0
3150,1,0,0
3151,1,1,0
3152,1,1,0
3155,1,1,0
3156,1,0,0
3157,0,0,0
3158,0,0,0
3159,0,1,0
3160,1,1,0
3161,0,1,0
3162,1,1,0
3163,1,1,0
3164,1,0,0
3165,1,0,0
3201,0,0,0
3307,1,0,0
3309,0,1,0
3310,1,1,0
3413,0,0,0
3500,1,1,0
3503,1,1,0
3506,1,1,0
3507,0,0,0
3509,1,0,0
3512,1,1,1
3513,1,0,0
3514,1,1,0
3515,1,1,0
3550,1,1,0
3551,1,1,0
3553,0,0,0
3554,1,0,0
3555,1,0,0
3556,1,1,0
3557,1,1,0
3558,0,1,0
3559,1,1,0
3560,1,0,0
3561,1,0,0
3563,1,0,0
3564,1,0,0
3600,0,0,0
3602,1,0,0
3603,1,0,0
3700,1,1,0
3703,1,0,0
3704,1,1,0
4007,1,0,0
4008,0,0,0
4009,1,0,0
4104,1,0,0
4105,1,0,0
4106,0,1,0
4250,0,1,0
4251,0,0,0
4252,1,0,0
4253,0,0,1
4254,1,1,0
4255,1,1,0
4256,1,0,0
4257,1,0,0
4258,1,0,0
4300,1,1,0
4511,0,0,0
5006,1,1,1
5008,1,0,0
5009,0,1,0
5010,1,1,0
5013,0,1,0
5016,0,1,0
5017,0,0,0
5018,1,0,0
5019,1,1,0
5020,0,0,0
5021,0,1,0
5022,1,0,0
5023,0,0,0
5050,1,0,0
5053,0,0,0
5054,0,1,0
5055,1,0,0
5056,1,1,0
5059,0,1,0
5060,1,0,0
5061,0,0,0
5062,1,1,0
5063,1,0,0
5064,0,0,0
5065,1,1,0
5066,1,0,0
5067,0,0,0
5068,0,0,0
5069,0,0,0
5070,1,0,0
5071,0,1,0
5072,0,0,0
5073,0,1,0
5074,1,1,0
5075,1,0,0
5076,1,0,0
5077,0,0,0
5078,1,0,0
5079,1,0,0
5080,0,0,0
5081,1,0,0
5082,1,0,0
5083,1,1,0
5084,1,0,0
5085,0,0,0
5086,1,0,0
5087,1,0,0
5088,0,0,1
5089,1,1,0
5090,1,0,0
5091,0,1,0
5093,1,0,0
5094,0,0,0
5095,1,0,0
5102,1,0,0
5106,0,1,0
5110,1,0,0
5115,1,0,0
5116,1,1,0
5118,1,0,0
5119,1,1,0
5120,1,1,0
5121,1,0,0
5122,1,0,0
5123,0,1,0
5124,0,1,0
5125,1,0,0
5126,1,1,0
5127,1,1,0
5128,0,1,0
5129,1,1,0
5130,1,0,0
5131,1,0,0
5132,1,0,0
5133,1,0,1
5134,1,0,0
5151,0,1,0
5153,1,1,0
5154,0,0,0
5155,0,1,0
5156,0,1,0
5157,1,0,0
5158,1,0,0
5159,1,0,0
5160,1,0,0
5161,1,0,0
5162,0,0,0
5163,1,0,0
5200,1,0,0
5201,0,1,0
5202,0,1,0
5203,0,1,0
5204,0,0,0
6000,0,0,0
6001,1,0,0
6002,1,0,0
6003,1,0,0
6004,1,0,1
6005,1,1,0
6006,1,0,0
6007,1,0,0
6008,1,0,0
6009,1,0,0
6010,1,0,0
6011,1,0,0
6012,0,0,0
6013,0,1,0
6014,1,0,0
6015,1,0,1
6016,1,0,0
6017,0,0,0
6018,1,0,0
6019,0,1,0
6020,0,0,0
6021,1,0,0
6022,0,0,0
6023,0,1,1
6024,1,1,0
6025,1,0,0
6026,0,0,0
6027,0,0,0
6028,1,0,0
6029,1,0,0
6030,0,0,0
6031,0,0,0
6032,0,0,0
6033,1,0,1
6034,1,0,0
6035,1,0,0
6036,1,0,0
6037,0,0,0
6038,0,0,0
6039,0,1,0
6040,0,0,0
6041,0,0,0
6042,0,0,0
6043,1,0,0
6044,0,0,0
6045,1,0,0
6046,0,0,0
6047,0,0,0
6048,0,0,0
6049,0,0,0
6050,0,0,0
6051,1,1,0
6052,1,0,0
6053,0,0,0
6054,1,0,0
6055,0,0,0
6056,1,0,0
6057,1,0,0
6058,0,1,0
6059,0,0,0
6060,0,0,0
6061,1,0,0
6062,1,0,0
6063,0,1,0
6064,1,1,0
6065,0,0,0
6066,0,1,0
6067,1,0,0
6068,0,0,0
6069,1,0,0
6070,0,1,0
6071,0,0,0
6072,1,0,0
6073,1,0,0
6076,0,1,0
6077,1,0,0
6078,0,0,0
6079,0,0,0
6080,1,0,0
6081,1,0,0
6082,0,1,0
6083,0,1,0
6084,1,0,0
6085,1,0,0
6086,1,0,1
6087,0,0,0
6088,0,1,0
6089,0,1,0
6090,1,0,0
6091,1,0,0
6092,0,0,0
6093,1,0,0
6094,1,0,0
6095,0,1,0
6096,1,0,0
6097,0,0,0
6098,1,0,0
6099,0,1,0
6100,0,1,0
6101,1,0,0
6102,0,0,0
6103,0,0,0
6104,0,1,0
6105,0,0,0
6106,1,0,0
6107,0,1,0
6108,1,0,0
6109,1,0,0
6110,1,0,0
6111,0,1,0
6112,0,0,0
6113,1,0,0
6114,1,0,0
6115,1,0,0
6116,1,1,0
6117,0,1,0
6118,1,0,0
6119,0,1,0
6120,1,0,0
6121,1,0,1
6122,0,0,0
6123,0,0,0
6124,0,0,0
6125,0,0,0
6126,1,0,0
6127,0,0,0
6128,1,0,0
6129,1,0,0
6130,0,1,0
6131,0,0,0
6132,0,1,1
6133,1,0,0
6134,0,1,0
6135,1,0,0
6136,1,0,0
6137,0,1,0
6138,1,0,0
6139,1,0,0
6140,1,0,0
6141,1,0,0
6142,1,0,0
6143,1,1,0
6144,1,0,0
6145,0,0,0
6146,1,0,0
6147,1,0,0
6148,1,0,0
6149,0,0,1
6150,1,0,0
6151,1,0,0
6152,0,0,0
6153,0,0,0
6155,1,0,0
6156,1,0,0
6157,0,1,0
6158,0,1,0
6159,1,0,0
6160,1,0,0
6161,0,0,0
6162,1,0,0
6163,1,0,0
6164,1,0,0
6165,0,0,0
6166,1,0,0
6167,1,0,0
6168,0,1,0
6169,1,0,0
6170,1,0,0
6172,1,0,1
6174,0,0,1
6175,0,0,1
6176,1,0,0
6178,1,0,0
6179,0,1,0
6180,0,0,1
6181,1,0,0
6182,0,1,0
6183,1,0,0
6184,0,0,0
6185,1,0,0
6186,1,1,0
6187,1,0,0
6188,1,0,0
6189,0,0,0
6190,1,0,1
6191,1,0,0
6192,1,0,0
6193,1,0,0
6194,1,0,0
6195,0,0,0
6196,1,0,0
6197,0,0,1
6198,1,0,0
6199,1,0,0
6200,0,0,1
6201,1,0,0
6202,1,0,0
6203,1,0,0
6204,0,0,1
6205,0,1,0
6206,0,0,0
6207,0,1,0
6208,1,0,0
6209,1,0,0
6210,0,0,1
6211,1,0,0
6212,0,0,0
6213,0,0,0
6214,1,0,0
6215,1,0,0
6216,1,0,0
6217,0,0,0
6218,1,0,0
6219,1,0,0
6220,0,1,0
6221,0,0,0
6222,0,0,1
6223,0,1,0
6224,0,0,0
6225,1,0,0
6226,0,0,1
6227,1,0,0
6228,1,0,0
6230,1,0,0
6231,1,0,0
6232,1,0,0
6233,0,0,0
6234,0,0,1
6235,1,0,0
6236,0,1,0
6237,1,0,0
6238,0,0,1
6239,1,0,0
6240,1,0,0
6241,1,0,0
6242,0,0,1
6243,0,1,0
6244,1,0,0
6245,0,0,0
6246,0,0,0
6247,0,0,1
6248,0,0,0
6249,0,1,0
6250,0,0,1
6251,0,1,0
6252,1,0,1
6253,0,1,0
6254,0,0,1
6255,0,0,0
6256,1,0,0
6257,0,0,0
6258,0,0,1
6259,1,0,0
6260,1,0,0
6261,1,0,0
6262,1,0,0
6263,1,0,0
6264,1,0,1
6265,1,0,0
6266,0,0,0
6268,1,0,0
6269,1,0,0
6270,1,0,0
6271,1,0,0
6272,1,0,0
6273,1,0,0
6274,0,0,0
6275,0,0,0
6276,0,1,0
6277,1,0,0
6278,0,1,0
6279,0,1,0
6280,1,0,0
6281,1,0,0
6282,1,0,0
6283,0,0,0
6284,0,0,1
6285,1,0,0
6286,1,0,1
6287,0,1,0
6288,0,0,0
6289,0,1,0
6290,1,0,0
6291,0,1,0
6292,1,0,0
6293,0,0,0
6294,1,0,0
6295,1,0,0
6297,0,1,0
6298,1,0,0
6300,1,0,0
6301,1,0,0
6302,1,0,1
6303,0,1,0
6304,0,1,0
6305,1,0,0
6306,0,0,0
6307,0,0,0
6308,1,0,0
6309,1,0,0
6310,0,0,0
6311,1,0,0
6313,1,0,0
6314,1,0,0
6315,1,0,1
6316,1,0,1
6317,1,1,1
6318,0,0,0
6319,0,1,0
6320,0,1,0
6321,1,0,0
6322,1,0,1
6323,1,0,0
6324,1,0,0
6325,1,1,0
6326,1,0,0
6327,0,0,0
6328,0,0,0
6329,1,0,0
6330,1,0,1
6331,0,1,0
6332,1,0,0
6333,1,0,0
6334,1,0,0
6335,0,0,0
6336,0,1,0
6338,1,0,0
6339,1,0,0
6340,1,0,0
6341,1,0,0
6342,1,0,0
6343,1,1,0
6344,1,0,0
6345,1,0,0
6347,1,0,0
6348,1,0,0
6349,1,0,1
6350,0,0,1
6351,0,1,0
6352,0,1,0
6353,0,0,0
6354,0,1,0
6355,1,0,0
6356,1,0,1
6357,1,0,0
6358,0,0,1
6359,1,0,0
6360,1,0,0
6361,1,0,0
6362,1,0,0
6363,1,0,0
6364,1,0,0
6365,0,0,0
6368,0,0,1
6369,0,0,1
6370,1,0,0
6371,1,0,0
6372,0,0,1
6373,1,0,0
6374,1,1,1
6375,1,0,1
6376,0,0,1
6377,1,0,0
6378,1,0,0
6379,0,0,1
6380,1,0,0
6381,0,1,0
6382,0,0,1
6383,1,0,0
6384,0,1,0
6385,0,0,1
6386,0,0,0
6387,1,0,0
6388,1,0,0
6389,0,0,0
6390,0,0,0
6391,0,0,1
6392,1,0,1
6393,1,0,0
6394,0,0,1
6395,0,0,1
6396,0,0,1
6397,1,0,0
6398,0,0,1
6399,1,0,1
6400,0,0,1
6401,1,0,1
6402,0,0,1
6403,1,0,0
6404,1,0,0
6405,1,0,0
6406,0,0,1
6407,0,1,0
6408,0,0,1
6409,0,1,0
6410,1,0,0
6411,1,0,0
6412,0,0,0
6413,1,0,0
6414,1,0,0
6415,0,0,1
6416,1,0,0
6418,0,0,1
6419,1,0,0
6420,0,0,0
6421,0,0,1
6422,1,0,0
6423,0,0,1
6424,0,0,1
6425,0,0,1
6426,0,0,1
6427,0,0,0
6428,0,0,1
6430,0,0,0
6431,1,0,0
6432,1,0,0
6433,0,0,0
6434,0,1,0
6435,0,0,0
6436,0,0,1
6437,1,0,0
6438,1,0,1
6440,1,0,1
6441,1,0,0
6442,0,0,1
6443,0,0,1
6444,1,0,0
6445,0,0,0
6446,0,0,0
6447,1,0,0
6448,0,1,0
6449,1,0,0
6450,0,0,0
6451,0,0,0
6452,1,0,1
6453,1,0,0
6454,1,0,0
6455,0,0,1
6456,0,0,1
6457,0,0,1
6458,1,0,1
6459,0,0,0
6460,1,0,0
6461,0,0,1
6462,0,0,1
6463,1,0,0
6464,1,0,0
6465,1,0,0
6466,1,0,0
6467,1,0,1
6468,0,1,0
6469,0,0,1
6470,0,0,1
6471,0,0,1
6472,1,0,0
6473,1,0,0
6475,1,0,1
6476,1,0,0
6478,1,0,1
6479,1,0,1
6480,0,0,0
6481,0,1,0
6482,1,0,0
6483,0,0,1
6484,1,0,0
6485,0,0,1
6486,1,0,1
6487,0,0,1
6488,0,0,1
6489,1,0,0
6490,0,0,1
6491,1,0,1
6492,0,0,1
6493,1,0,0
6494,0,0,1
6495,1,0,0
6496,0,0,1
6498,1,0,0
6500,1,0,0
6501,0,0,0
6502,1,0,0
6503,0,0,1
6504,1,0,1
6506,0,0,1
6507,1,0,0
6508,0,1,0
6509,0,1,0
6510,1,0,0
6511,0,0,1
6512,0,0,1
6513,1,0,0
6514,1,0,0
6515,1,0,0
6516,0,0,1
6517,1,0,0
6518,1,0,1
6519,0,1,0
6520,1,0,0
6521,1,0,1
6522,0,0,1
6523,1,0,0
6524,0,0,1
6525,0,0,1
6526,1,0,0
6527,0,0,1
6528,0,0,1
6529,0,0,1
6530,0,0,0
6531,0,0,0
6532,0,0,0
6533,1,0,0
6534,0,1,0
6535,1,0,0
6536,1,0,1
6537,1,0,0
6538,1,0,0
6539,0,0,1
6540,1,0,0
6542,1,0,0
6543,0,0,0
6544,0,0,0
6545,0,1,0
6546,0,0,0
6547,0,0,1
6548,0,0,1
6549,0,0,1
6550,0,0,1
6551,0,0,0
6552,1,0,0
6553,0,0,1
6554,1,0,0
6555,0,0,1
6556,1,0,0
6557,0,0,1
6558,0,0,1
6559,1,0,0
6560,0,0,1
6561,1,0,0
6562,0,0,1
6563,1,0,0
6564,1,1,0
6565,0,1,0
6566,0,1,0
6567,1,0,0
6568,1,0,0
6569,0,0,0
6570,0,0,0
6571,0,0,0
6572,0,0,0
6573,0,0,0
6574,0,0,1
6575,0,0,0
6576,0,0,0
6577,0,0,0
6578,0,0,0
6579,0,0,0
6580,0,0,1
6581,0,0,0
6582,0,0,0
6583,0,0,0
6584,0,0,0
6585,0,0,1
6586,1,0,1
6587,0,0,1
6588,1,0,0
6589,0,0,0
6590,0,0,0
6591,0,0,0
6592,0,0,0
6593,0,0,0
6594,1,0,1
6595,1,0,1
6596,0,0,1
6597,1,0,0
6598,0,0,0
6599,1,0,0
6600,0,0,0
6601,1,0,0
6602,0,0,0
6604,0,0,0
6605,1,0,0
6606,1,0,0
6607,1,0,1
6608,1,0,0
6609,0,0,0
6610,0,0,0
6611,0,0,0
6612,1,0,0
6613,0,0,0
6614,0,0,1
6615,1,0,0
6616,0,1,0
6617,0,0,1
6618,1,0,0
6619,1,0,0
6620,1,0,0
6621,0,0,1
6622,0,0,0
6623,0,0,0
6624,0,1,0
6625,1,0,0
6626,1,0,0
6627,1,0,1
6628,0,0,1
6629,1,0,0
6630,0,0,1
6631,0,0,1
6632,0,0,0
6633,0,0,0
6634,1,0,0
6635,0,0,1
6636,0,0,1
6637,0,1,0
6638,0,0,1
6639,1,0,1
6640,0,0,1
6642,1,0,0
6643,0,1,0
6644,1,0,0
6646,1,0,0
6647,0,0,0
6648,0,0,0
6649,1,0,0
6650,0,0,0
6651,0,0,0
6652,0,0,0
6653,1,0,0
6654,0,1,0
6655,0,0,1
6656,0,1,0
6657,0,0,0
6658,1,0,0
6659,0,0,0
6660,1,0,0
6661,0,1,0
6662,1,0,0
6663,0,0,1
6664,0,0,0
6665,0,0,1
6666,0,0,0
6667,1,0,0
6668,1,0,0
6669,0,1,0
6670,1,0,0
6671,1,0,1
6672,1,0,0
6673,0,0,0
6674,0,0,1
6676,1,0,0
6677,0,0,1
6678,0,0,0
6679,1,0,0
6680,1,0,0
6681,0,0,0
6682,0,0,0
6683,0,0,0
6684,0,0,1
6685,0,0,0
6686,0,0,1
6687,0,1,0
6688,1,0,0
6689,0,0,0
6690,1,0,0
6691,0,0,1
6692,0,0,1
6693,0,0,1
6694,1,0,0
6695,1,0,0
6696,1,0,0
6697,1,0,0
6698,0,0,1
6699,0,0,1
6700,0,0,1
6701,1,0,0
6702,0,0,1
6703,1,0,0
6705,0,0,0
6706,1,0,0
6707,1,0,1
6708,1,0,0
6709,0,0,1
6710,0,0,0
6711,0,0,0
6712,1,0,0
6713,1,0,1
6714,1,0,1
6715,0,0,0
6716,0,0,1
6717,1,0,0
6718,0,0,1
6719,1,0,0
6720,0,0,1
6721,0,0,1
6722,1,0,0
6723,1,0,0
6724,1,0,0
6725,1,0,0
6726,1,0,0
6727,0,0,1
6728,0,0,0
6729,0,0,1
6730,0,0,0
6731,0,0,0
6732,1,0,0
6733,1,0,1
6734,0,0,0
6735,0,0,1
6736,1,0,0
6737,0,0,1
6738,1,0,0
6739,0,0,1
6740,0,0,1
6741,0,0,0
6742,0,0,1
6743,0,0,1
6744,0,1,0
6745,0,0,0
6746,0,0,0
6747,0,0,0
6748,0,0,0
6749,0,0,0
6750,0,0,0
6751,0,0,0
6752,0,0,0
6753,0,0,1
6754,0,0,1
6755,0,0,0
6756,0,0,1
6757,0,0,0
6758,0,0,1
6759,0,0,1
6760,0,0,1
6761,0,0,0
6762,1,0,0
6763,0,1,0
6764,1,0,0
6765,1,0,0
6766,1,0,0
6767,0,0,1
6768,0,1,0
6769,0,0,1
6770,0,0,1
6771,0,0,1
6772,0,0,0
6773,0,0,1
6774,1,0,0
6775,0,0,1
6776,1,0,0
6777,1,0,1
6778,0,0,1
6779,1,0,1
6780,1,0,0
6781,0,0,1
6782,1,0,1
6783,1,0,0
6784,1,0,0
6785,1,0,0
6786,1,0,0
6787,1,0,0
6788,0,1,0
6789,1,0,0
6790,1,0,0
6791,0,0,1
6792,0,0,0
6793,0,0,1
6794,0,0,0
6795,0,0,0
6796,0,0,1
6797,1,0,1
6798,0,1,0
6799,0,0,0
6800,0,0,1
6801,0,0,1
6802,1,0,0
6803,1,0,0
6804,0,0,1
6805,0,0,1
6806,1,0,0
6807,0,0,1
6808,0,0,0
6809,1,0,1
6810,1,0,0
6811,1,0,0
6812,0,0,1
6813,1,0,0
6814,1,0,0
6815,1,0,0
6816,0,0,0
6817,1,0,0
6818,1,0,1
6819,1,0,0
6820,0,0,1
6821,1,0,0
6822,1,0,0
6823,1,0,0
6824,0,0,1
6825,0,1,0
6826,0,0,0
6827,0,0,1
6828,0,0,1
6829,0,0,1
6830,0,0,0
6831,0,0,0
6832,0,0,0
6833,0,0,0
6834,1,0,0
6835,0,0,1
6836,1,0,0
6837,1,0,0
6838,1,0,0
6839,0,0,0
6840,0,0,1
6841,0,1,0
6842,0,0,1
6843,1,0,0
6844,0,0,0
6845,0,0,0
6846,0,0,1
6847,1,0,0
6848,0,0,1
6849,0,0,0
6850,1,0,0
6851,0,0,0
6852,0,0,0
6853,0,0,0
6854,0,0,0
6855,0,0,1
6856,1,0,0
6857,0,0,0
6858,0,0,1
6859,1,0,0
6860,1,0,0
6861,1,0,0
6863,1,0,0
6864,1,0,0
6865,1,0,0
6866,0,0,1
6867,1,0,0
6868,1,0,1
6869,1,0,0
6870,1,0,0
6871,1,0,0
6872,0,0,0
6873,0,0,0
6874,1,0,0
6875,1,0,1
6876,0,0,1
6877,0,0,1
6879,1,0,0
6880,1,0,0
6881,1,0,0
6882,1,0,0
6883,1,0,1
6884,1,0,0
6885,1,0,0
6886,0,0,1
6887,1,0,0
6888,1,0,1
6889,1,0,0
6890,0,0,0
6891,1,0,0
6892,1,0,0
6893,1,0,0
6894,0,0,0
6895,1,0,0
6896,0,0,0
6897,1,0,0
6898,1,0,0
6899,0,1,0
6900,1,0,0
6901,0,0,0
6902,1,0,0
6903,1,0,0
6904,0,0,0
6905,0,0,0
6906,0,0,0
6907,0,0,1
6908,0,0,1
6909,1,0,0
6910,0,0,1
6911,1,0,0
6912,1,0,0
6913,1,1,0
6914,1,0,0
6915,0,0,1
6916,1,0,0
6917,1,0,0
6918,0,0,1
6919,0,0,1
6920,0,0,0
6921,0,0,1
6922,0,0,1
6923,1,0,0
6924,0,0,1
6925,1,0,1
6926,1,0,0
6927,1,0,0
6928,0,0,0
6929,0,0,1
6930,0,0,1
6931,1,0,1
6932,0,0,1
6933,1,0,1
6934,0,0,0
6935,0,0,1
6936,0,0,0
6938,0,0,0
6939,0,0,1
6940,1,1,0
6941,0,0,1
6942,0,0,1
6943,1,0,0
6944,1,0,0
6945,0,0,1
6946,0,0,0
6947,0,0,0
6948,0,0,1
6949,1,0,0
6950,0,0,1
6951,1,0,0
6952,0,0,1
6953,1,0,0
6954,0,0,0
6955,0,1,0
6956,0,0,0
6957,1,0,0
6958,1,0,0
6959,1,0,0
6960,1,0,0
6961,1,0,0
6962,1,1,1
6964,0,0,0
6965,1,0,0
6966,1,0,0
6967,1,0,0
6968,1,0,0
6969,1,0,0
6970,1,0,0
6971,1,0,0
6972,0,1,0
6973,1,0,0
6974,0,0,1
6975,1,0,1
6976,1,0,0
6977,0,0,0
6978,1,0,0
6979,0,0,1
6980,1,0,1
6981,1,0,0
6982,0,0,1
6983,0,0,1
6984,0,0,0
6985,1,0,0
6986,1,0,0
6987,1,0,0
6989,0,0,0
6990,1,0,0
6991,1,0,0
6992,1,1,0
6993,1,0,0
6994,0,0,1
6995,1,0,0
6996,0,0,1
6997,1,0,1
6998,0,0,1
7000,0,0,0
7004,1,0,0
7005,0,0,1
7009,0,0,0
7010,0,1,0
7011,0,0,1
7014,0,0,0
7015,0,0,0
7016,1,0,0
7017,1,0,0
7019,1,0,0
7020,0,0,0
7021,1,0,0
7022,0,0,1
7024,0,0,0
7025,1,0,0
7026,1,0,0
7030,1,0,0
7031,1,0,0
7032,1,0,0
7033,1,0,0
7034,0,0,0
7035,1,0,0
7038,1,0,0
7039,0,0,1
7045,0,0,1
7049,1,1,0
7050,0,0,1
7051,0,0,1
7052,1,0,1
7053,1,0,0
7054,0,0,0
7055,1,0,0
7056,0,0,1
7057,0,0,1
7058,1,0,0
7059,1,0,0
7060,0,0,0
7061,0,0,1
7062,1,0,0
7063,1,0,0
7064,0,1,0
7065,1,0,0
7066,0,0,1
7067,1,0,0
7068,0,0,1
7069,1,0,0
7070,0,0,1
7071,0,0,1
7072,1,0,0
7073,1,0,0
7076,1,0,1
7077,1,0,0
7078,0,0,1
7079,1,0,0
7080,0,0,1
7081,0,0,1
7082,1,0,0
7083,1,0,0
7084,1,0,0
7085,1,0,0
7086,1,0,0
7088,1,0,0
7089,1,0,0
7090,0,0,1
7091,0,0,1
7092,0,1,0
7093,0,0,1
7094,0,0,1
7095,0,0,1
7096,1,0,0
7097,0,0,1
7098,1,0,0
7099,1,0,0
7100,1,0,0
7101,1,0,0
7102,0,0,1
7103,1,0,0
7104,1,0,0
7105,1,0,1
7106,1,0,1
7107,1,0,0
7108,1,0,0
7109,1,0,0
7110,1,0,0
7111,0,0,1
7112,0,0,1
7113,1,0,0
7114,0,0,1
7115,1,0,1
7117,0,0,1
7118,1,0,0
7119,0,0,1
7120,1,0,1
7121,1,0,0
7122,1,0,0
7123,0,1,0
7124,0,0,0
7125,1,0,0
7126,0,0,1
7127,0,0,1
7128,1,0,0
7129,0,0,1
7130,0,0,1
7131,0,0,1
7132,0,0,1
7133,0,0,0
7134,1,0,1
7135,0,0,1
7136,1,0,0
7137,1,0,0
7138,1,0,0
7139,1,0,0
7140,0,0,1
7141,0,1,0
7142,0,0,1
7143,0,0,1
7144,1,0,1
7145,0,0,1
7146,1,0,0
7147,1,0,0
7148,1,0,0
7149,1,0,0
7150,1,0,1
7151,1,0,0
7152,1,0,0
7153,1,0,0
7154,0,1,0
7155,1,0,0
7156,1,0,0
7157,0,0,0
7158,0,0,1
7159,0,0,1
7160,0,0,1
7161,1,0,1
7162,0,0,1
7163,1,0,0
7164,1,0,0
7165,1,0,0
7166,1,0,0
7167,1,0,0
7168,1,0,0
7169,1,0,0
7170,1,0,0
7171,0,0,0
7172,1,0,0
7173,0,0,1
7174,1,0,0
7175,0,0,0
7176,0,0,1
7177,0,0,1
7178,1,0,0
7179,1,0,0
7180,1,0,0
7181,1,0,0
7182,1,0,0
7183,0,0,1
7184,0,0,1
7185,1,0,0
7186,1,0,0
7187,0,0,1
7188,0,0,1
7189,1,0,0
7190,0,0,1
7191,0,0,1
7192,1,0,0
7193,1,0,0
7194,1,0,0
7195,1,0,0
7196,1,0,0
7197,1,0,0
7198,0,1,0
7199,0,0,1
7200,1,0,0
7201,1,0,0
7202,1,0,0
7203,0,0,0
7204,1,0,0
7205,1,0,0
7206,1,1,0
7207,1,0,0
7208,0,0,1
7209,1,0,0
7210,1,0,0
7211,1,0,0
7212,1,0,0
7213,1,0,1
7214,1,0,0
7215,0,1,0
7216,0,0,1
7217,1,0,0
7218,1,0,1
7219,0,0,0
7220,0,1,0
7221,0,0,1
7222,0,0,1
7223,0,0,1
7224,1,0,0
7225,1,0,0
7226,1,0,0
7227,1,0,0
7228,1,0,0
7229,1,0,0
7230,0,1,0
7231,1,0,0
7232,0,0,1
7233,1,0,0
7235,1,0,0
7236,0,0,1
7237,1,0,0
7238,1,0,0
7239,0,0,1
7240,1,0,0
7241,1,0,0
7242,1,0,0
7243,0,0,0
7244,0,0,1
7245,1,0,0
7246,0,1,0
7247,0,0,0
7248,1,0,0
7249,1,0,1
7250,0,0,0
7251,0,0,0
7252,0,0,1
7253,0,0,1
7254,0,0,1
7255,1,0,1
7256,0,0,1
7257,1,0,0
7258,1,0,0
7259,1,0,0
7260,1,0,0
7261,0,0,1
7262,0,0,1
7263,1,0,0
7264,1,0,0
7265,1,0,0
7266,0,0,1
7267,0,0,1
7268,1,0,0
7269,0,0,1
7270,1,0,0
7271,0,0,1
7272,1,0,0
7273,1,0,0
7274,0,0,1
7275,1,0,0
7276,0,1,0
7277,0,1,0
7278,1,0,0
7279,0,0,1
7280,0,0,1
7281,0,0,0
7282,1,0,0
7283,0,0,1
7284,1,0,0
7285,0,0,1
7286,1,0,0
7287,1,1,1
7288,1,0,0
7289,1,0,0
7290,1,0,0
7291,1,0,0
7292,0,0,0
7293,0,0,1
7294,1,0,0
7295,1,0,0
7296,0,0,1
7297,1,0,0
7298,1,0,0
7299,1,1,0
7300,1,0,0
7301,1,0,0
7302,1,0,0
7303,0,0,1
7304,0,0,1
7305,1,0,0
7306,1,0,0
7307,1,0,0
7308,1,0,0
7309,1,0,0
7310,0,0,0
7311,1,0,1
7312,1,0,0
7313,1,0,0
7314,1,0,0
7315,1,0,0
7316,0,0,0
7317,1,0,0
7318,0,1,0
7319,0,1,0
7320,0,0,0
7321,1,0,0
7322,0,0,1
7323,1,0,0
7324,0,0,1
7325,1,0,0
7326,1,0,0
7327,1,0,1
7328,1,0,0
7329,0,1,0
7330,0,1,0
7331,0,0,1
7332,1,0,0
7333,1,0,0
7334,0,1,0
7335,1,0,0
7336,1,0,0
7337,0,0,1
7338,1,0,0
7339,1,1,0
7340,0,1,0
7341,1,0,1
7342,1,0,0
7343,1,0,0
7344,0,0,1
7345,1,0,0
7346,0,0,1
7347,1,0,0
7349,1,0,0
7350,1,0,0
7351,1,0,0
7352,1,0,1
7353,1,0,1
7354,1,0,0
7355,1,0,0
7356,0,0,1
7357,1,0,1
7358,0,0,1
7359,1,0,0
7360,1,0,0
7361,0,1,0
7362,1,0,0
7363,0,0,1
7364,0,0,0
7365,1,0,0
7366,0,0,1
7367,1,0,1
7368,0,0,1
7369,1,0,0
7370,1,0,1
7371,1,0,0
7372,0,0,1
7373,1,0,0
7374,1,0,0
7375,1,0,0
7376,1,0,0
7377,1,0,0
7378,1,0,0
7379,0,0,1
7380,1,0,0
7381,1,0,0
7382,1,0,1
7383,1,0,1
7384,1,0,0
7385,1,0,0
7386,0,0,0
7387,1,0,1
7388,1,0,0
7389,0,0,1
7390,1,0,0
7391,1,0,0
7392,1,0,0
7393,0,0,1
7394,1,0,0
7395,1,0,0
7396,1,0,0
7397,0,1,0
7398,1,0,0
7399,1,0,0
7400,1,0,0
7401,0,1,0
7402,1,0,0
7403,1,0,0
7404,1,0,0
7405,1,0,0
7406,1,0,0
7407,0,0,1
7408,0,0,1
7409,0,1,0
7410,1,0,0
7411,1,0,0
7412,1,0,0
7413,1,1,0
7414,1,0,0
7415,1,0,0
7416,0,0,1
7417,0,1,0
7418,0,1,0
7419,1,0,0
7420,1,0,0
7421,0,0,1
7422,1,0,0
7423,1,0,0
7424,1,0,0
7425,1,0,0
7426,1,0,0
7427,0,0,1
7428,0,0,0
7429,1,0,1
7430,1,0,0
7431,0,0,1
7432,1,0,0
7433,1,0,0
7434,0,0,1
7435,1,0,0
7436,1,0,0
7437,1,0,0
7438,1,0,0
7439,1,0,0
7440,0,0,1
7441,0,1,0
7442,1,0,0
7443,1,0,0
7444,0,0,0
7445,0,0,0
7446,1,0,0
7447,1,0,0
7448,1,0,0
7449,0,1,0
7450,0,1,0
7451,0,0,1
7452,0,1,0
7453,1,0,1
7454,0,0,1
7455,1,0,0
7456,0,0,1
7457,0,0,0
7458,1,0,0
7459,1,0,0
7460,0,0,1
7461,0,0,1
7462,1,0,0
7463,1,0,0
7464,1,0,0
7465,1,0,0
7466,0,0,1
7467,1,0,0
7468,0,0,1
7469,1,0,0
7470,0,0,0
7471,1,0,0
7472,0,0,1
7473,0,0,1
7474,1,0,0
7475,1,0,1
7476,1,0,0
7477,1,0,1
7478,1,0,0
7479,0,0,0
7480,1,0,0
7481,1,0,0
7482,1,0,0
7483,0,0,1
7484,0,0,1
7485,1,0,0
7486,1,0,0
7487,1,0,0
7488,1,0,0
7489,1,0,0
7490,1,0,0
7491,1,0,0
7492,1,0,0
7493,1,0,0
7494,1,0,0
7495,0,0,1
7496,1,0,0
7497,1,0,0
7498,1,0,1
7499,0,0,1
7500,0,0,1
7501,0,0,1
7502,1,0,0
7503,1,0,0
7504,1,0,0
7505,0,0,1
7506,1,0,0
7507,0,0,1
7508,1,0,0
7509,1,0,0
7510,1,0,0
7511,1,0,0
7512,0,0,1
7513,0,0,1
7514,1,0,0
7515,1,0,1
7516,1,0,0
7517,1,0,0
7518,1,0,0
7519,1,0,0
7520,0,0,1
7521,1,0,0
7522,1,0,0
7523,1,0,0
7524,1,0,0
7525,1,0,0
7526,0,1,0
7527,0,1,0
7528,0,0,0
7529,0,0,1
7530,1,0,0
7531,0,0,1
7532,1,0,0
7533,0,0,1
7534,0,0,1
7535,0,0,1
7536,0,0,1
7537,1,0,0
7538,0,0,1
7539,1,0,0
7540,0,1,0
7541,1,0,0
7542,1,0,0
7543,1,0,0
7544,0,0,1
7545,1,0,0
7546,0,0,1
7547,0,1,0
7548,0,0,1
7549,1,0,0
7550,0,0,1
7551,1,0,0
7552,1,0,1
7553,0,0,1
7554,1,0,0
7555,1,0,0
7556,1,0,0
7557,1,0,1
7558,1,0,0
7559,0,0,1
7560,0,0,1
7561,1,0,0
7562,1,0,0
7563,0,0,1
7564,1,0,0
7565,1,0,0
7566,1,0,0
7567,0,1,0
7568,0,0,1
7569,1,0,0
7570,1,0,1
7571,1,0,0
7572,1,0,0
7573,0,0,0
7574,1,0,1
7575,0,0,1
7577,1,0,0
7578,0,0,1
7579,0,0,1
7580,0,1,0
7581,0,0,1
7582,1,0,0
7583,1,0,0
7584,0,0,1
7585,0,0,1
7586,0,1,0
7587,0,0,0
7588,1,0,0
7589,0,0,1
7590,1,0,0
7591,0,0,1
7592,1,0,0
7593,1,0,0
7594,0,0,1
7595,1,0,0
7596,0,0,1
7597,0,0,1
7598,0,0,1
7599,0,0,0
7600,0,0,1
7601,1,0,0
7602,1,0,0
7603,1,0,0
7604,1,0,0
7605,1,0,0
7606,1,0,0
7607,0,0,1
7608,1,0,0
7609,1,0,0
7610,1,0,0
7611,0,0,1
7612,0,0,0
7613,1,0,1
7614,0,0,1
7615,0,0,0
7616,1,0,0
7617,0,0,1
7618,1,0,0
7619,0,0,0
7620,1,0,1
7621,0,1,0
7622,0,0,1
7623,1,0,0
7624,0,0,1
7625,1,0,0
7626,1,0,0
7627,0,0,1
7628,1,0,0
7629,1,0,0
7630,0,0,1
7632,1,0,0
7633,1,0,0
7634,0,0,1
7635,0,0,1
7636,1,0,0
7637,1,0,0
7638,1,0,0
7639,0,0,0
7640,1,0,0
7641,0,0,0
7642,1,0,0
7643,1,0,0
7644,0,0,1
7645,1,0,0
7646,0,0,1
7647,0,0,1
7649,0,0,1
7650,1,0,0
7651,1,0,0
7652,1,0,1
7653,1,0,0
7654,0,0,1
7655,0,0,0
7656,1,0,0
7657,0,0,1
7658,1,0,1
7659,0,0,1
7660,0,0,1
7661,1,0,0
7662,1,0,0
7663,0,0,0
7664,1,0,0
7665,0,0,1
7666,1,0,1
7667,1,0,0
7668,1,0,0
7669,1,0,1
7670,0,0,1
7671,0,0,1
7672,0,0,0
7673,1,0,0
7674,1,0,1
7675,1,0,0
7676,0,0,0
7677,1,1,1
7678,0,0,0
7679,0,0,1
7680,0,0,1
7681,0,0,1
7682,1,0,0
7683,0,0,1
7684,0,1,0
7685,0,0,1
7686,1,0,0
7687,0,0,1
7688,1,0,0
7689,1,0,0
7690,0,1,0
7691,0,0,1
7692,0,0,1
7693,1,0,0
7694,1,0,1
7695,0,0,1
7696,1,0,0
7697,1,0,0
7698,1,0,0
7699,1,0,0
7700,0,0,1
7701,1,0,0
7702,0,0,0
7703,1,0,0
7704,1,0,0
7705,0,0,1
7706,1,0,0
7708,0,0,1
7709,0,0,1
7710,1,0,0
7711,0,0,1
7712,1,0,0
7713,0,0,1
7714,1,0,1
7715,1,0,0
7716,1,0,0
7717,1,0,0
7718,1,0,0
7719,1,0,0
7720,0,0,1
7721,0,0,1
7722,1,0,0
7723,1,0,0
7724,1,0,0
7725,1,0,0
7726,0,0,1
7727,0,0,0
7728,1,0,0
7729,0,0,1
7730,1,0,1
7731,1,0,1
7732,1,0,0
7733,1,0,0
7734,0,0,1
7735,1,0,0
7736,1,1,0
7738,1,0,0
7739,1,0,0
7740,0,0,1
7741,1,0,0
7742,0,0,1
7743,1,0,0
7744,1,0,0
7745,0,0,1
7746,1,0,0
7747,0,0,1
7748,1,0,0
7749,1,0,0
7750,1,0,0
7751,1,0,0
7752,0,0,0
7753,1,0,0
7754,1,0,0
7755,1,0,0
7756,0,0,1
7757,0,0,0
7758,1,0,0
7759,1,0,0
7760,1,0,0
7761,1,0,1
7762,0,0,1
7763,1,0,0
7764,1,0,0
7765,0,1,0
7766,0,0,1
7767,1,0,0
7768,1,0,1
7769,0,0,1
7770,0,0,1
7771,0,0,1
7772,1,0,0
7773,0,1,0
7774,1,0,0
7775,0,0,1
7776,1,0,0
7777,0,1,0
7778,0,0,1
7779,1,0,0
7780,0,1,0
7781,0,0,1
7782,1,0,0
7783,0,0,1
7784,1,0,0
7785,0,0,1
7787,1,0,0
7788,0,0,1
7789,1,0,0
7790,1,0,0
7791,1,0,0
7792,0,0,1
7793,1,0,0
7794,1,0,0
7795,0,0,1
7796,0,0,1
7797,0,1,0
7798,1,0,0
7799,1,0,0
7800,1,0,0
7801,1,0,0
7802,1,0,0
7803,0,0,1
7804,1,0,0
7805,1,0,0
7806,1,0,0
7807,0,0,1
7808,1,0,0
7809,0,0,1
7810,1,0,0
7811,1,0,0
7812,0,0,1
7813,0,0,1
7814,1,0,0
7815,1,0,0
7816,1,0,0
7817,1,0,0
7818,0,0,1
7819,1,0,0
7820,1,0,0
7821,1,0,0
7822,1,0,0
7823,0,0,1
7824,1,0,0
7825,0,1,0
7826,0,0,1
7827,1,0,0
7828,0,0,1
7829,1,0,1
7830,1,0,0
7831,1,0,0
7832,0,0,1
7833,1,0,1
7834,1,0,0
7835,0,1,0
7836,1,0,0
7837,1,0,0
7838,1,0,1
7839,0,1,0
7840,0,1,0
7841,1,0,0
7842,1,0,0
7843,1,0,0
7844,1,0,0
7845,1,0,0
7846,1,0,0
7847,1,0,0
7848,0,1,0
7849,1,0,0
7850,1,0,0
7851,1,0,0
7852,1,0,0
7853,1,0,1
7854,0,0,1
7855,1,0,0
7856,0,1,0
7857,1,0,0
7858,1,0,0
7859,1,0,0
7860,0,1,0
7861,1,0,0
7862,1,0,0
7863,1,0,0
7864,0,1,0
7865,0,0,1
7866,0,0,1
7867,0,1,0
7868,0,0,0
7869,1,0,0
7870,0,0,0
7871,1,0,0
7872,0,0,1
7873,0,0,1
7874,1,0,0
7875,1,0,0
7876,1,0,0
7877,1,0,0
7878,1,0,0
7879,1,0,0
7880,1,0,0
7881,0,0,1
7882,1,0,0
7883,1,0,0
7884,0,1,0
7885,1,0,0
7886,1,0,0
7887,1,0,0
7888,1,0,0
7889,1,0,0
7890,1,0,1
7891,1,0,0
7892,0,0,1
7893,0,0,0
7895,1,0,1
7896,0,0,0
7897,1,0,0
7898,1,0,0
7899,1,0,1
7900,0,0,1
7901,1,0,1
7902,1,0,1
7903,1,0,0
7904,0,1,0
7905,0,0,1
7906,0,0,1
7907,0,0,1
7908,1,0,0
7909,1,0,0
7910,1,0,0
7911,1,0,0
7912,0,1,0
7913,0,0,1
7914,1,0,0
7915,1,0,1
7916,1,0,0
7917,1,0,0
7918,1,0,0
7919,0,0,1
7920,1,0,0
7921,0,0,1
7922,0,1,0
7924,1,0,1
7925,0,0,1
7927,0,1,0
7928,1,0,0
7929,1,0,1
7930,0,0,0
7931,1,0,0
7932,1,0,0
7933,0,0,1
7934,0,0,1
7935,0,0,1
7936,1,0,0
7937,0,0,1
7938,1,0,0
7939,1,0,0
7940,0,0,1
7941,0,0,1
7942,0,0,1
7943,1,0,0
7944,0,0,1
7945,0,0,1
7946,1,0,0
7947,1,0,0
7948,0,0,1
7949,0,0,1
7950,1,0,0
7951,0,0,1
7952,0,1,0
7953,0,1,0
7954,0,0,1
7955,1,0,0
7956,1,0,0
7957,1,0,0
7958,0,0,1
7959,0,0,1
7960,1,0,0
7961,0,0,1
7962,1,0,0
7963,1,0,0
7964,0,1,1
7965,1,0,0
7966,0,0,1
7967,1,0,0
7968,1,0,1
7969,1,0,0
7970,1,0,1
7971,0,0,1
7972,1,0,0
7973,1,0,0
7974,0,1,0
7975,1,0,0
7976,0,0,1
7977,0,0,1
7978,0,0,1
7979,1,0,0
7980,0,0,1
7981,1,0,0
7982,1,0,0
7983,0,1,0
7984,0,0,1
7985,1,0,0
7986,1,0,1
7987,0,0,1
7988,1,0,0
7989,1,0,0
7990,1,0,0
7991,1,0,1
7992,1,0,0
7993,1,0,0
7994,0,0,1
7995,0,0,1
7996,0,0,1
7997,0,0,1
7998,0,0,1
7999,0,0,1
8000,1,0,0
8001,1,0,0
8002,1,0,0
8003,1,0,0
8004,0,0,1
8006,0,0,1
8007,1,0,0
8008,1,0,0
8009,1,0,0
8010,1,0,0
8011,1,0,0
8012,0,0,1
8013,1,0,0
8014,1,0,0
8015,0,0,1
8016,0,0,1
8017,1,0,0
8018,1,0,0
8019,0,1,0
8020,0,0,1
8021,1,0,0
8022,1,0,0
8023,0,0,1
8024,1,0,0
8026,1,1,0
8027,1,0,0
8028,1,0,1
8029,0,0,1
8030,0,1,0
8031,1,0,0
8032,0,1,0
8033,1,0,0
8034,0,0,1
8035,0,0,1
8036,0,0,1
8037,1,0,0
8038,0,0,1
8039,1,0,0
8040,0,0,1
8041,0,0,1
8042,0,0,1
8043,1,0,0
8044,0,0,1
8045,1,0,0
8046,1,0,0
8047,1,0,0
8048,1,0,0
8049,1,0,0
8050,1,0,0
8051,1,0,0
8052,0,0,1
8053,0,0,1
8054,1,0,0
8055,1,0,0
8056,0,1,0
8057,1,0,1
8058,1,0,0
8059,0,0,1
8060,0,0,1
8061,1,0,0
8062,1,0,0
8063,1,0,0
8064,1,0,0
8065,1,0,0
8066,1,0,0
8067,1,0,0
8068,0,0,1
8069,1,0,0
8070,1,0,1
8071,1,0,0
8072,0,0,1
8073,0,0,1
8074,1,0,0
8075,1,0,0
8076,0,0,1
8077,1,0,0
8078,1,0,1
8079,1,0,0
8080,0,0,1
8081,0,1,0
8082,0,0,1
8083,0,0,1
8084,0,0,1
8085,1,0,0
8086,1,0,0
8087,1,0,0
8088,0,0,1
8089,1,0,0
8090,1,0,0
8091,0,0,1
8092,1,0,0
8093,1,0,0
8094,0,0,1
8095,0,0,1
8096,1,0,1
8097,1,0,0
8098,1,0,0
8099,1,0,0
8100,1,0,1
8101,1,0,0
8102,1,0,0
8103,0,0,1
8104,1,0,0
8105,0,0,1
8106,1,0,0
8107,1,0,0
8108,1,0,0
8109,1,0,0
8110,1,0,0
8111,0,0,1
8112,1,0,0
8113,0,0,1
8114,1,1,0
8115,1,0,0
8116,1,0,0
8117,1,0,1
8118,0,0,1
8119,0,0,1
8120,0,0,1
8123,1,0,0
8124,1,0,1
8125,1,0,0
8126,0,0,1
8127,1,0,0
8128,0,0,1
8129,1,0,0
8130,1,0,0
8131,0,0,1
8132,1,0,0
8133,1,0,1
8134,1,0,1
8135,0,0,1
8136,1,0,0
8137,0,0,1
8138,1,0,0
8140,0,1,0
8141,1,0,0
8142,1,0,0
8143,0,0,1
8144,1,0,0
8145,0,0,1
8146,1,0,0
8147,1,0,0
8148,1,0,0
8149,1,0,0
8150,0,0,1
8151,1,0,0
8152,1,0,0
8153,1,0,0
8154,1,0,0
8156,0,0,0
8157,1,0,0
8158,1,0,0
8159,0,0,1
8160,1,0,0
8161,1,0,0
8162,1,0,0
8163,0,0,1
8164,0,0,1
8165,1,0,0
8166,0,0,1
8167,1,0,0
8168,0,0,1
8169,1,0,0
8170,0,0,1
8171,1,0,0
8172,0,0,1
8173,0,0,1
8174,0,0,1
8175,1,0,0
8176,1,0,0
8177,1,0,0
8178,1,0,0
8179,1,0,0
8180,0,0,1
8181,0,0,1
8182,1,0,0
8183,0,0,1
8184,1,0,0
8185,1,0,0
8186,1,0,0
8187,1,0,0
8188,1,0,0
8189,1,0,1
8190,1,0,1
8191,1,0,0
8192,0,0,1
8193,1,0,0
8194,1,0,0
8195,1,0,0
8196,0,0,1
8197,1,0,0
8198,1,0,0
8199,0,0,1
8200,0,1,0
8201,0,0,1
8202,1,0,0
8203,0,0,1
8204,1,0,0
8205,0,0,1
8206,1,0,0
8207,0,1,0
8208,0,0,1
8209,1,0,0
8210,0,1,0
8211,0,0,1
8212,1,0,0
8213,1,0,0
8214,1,0,1
8215,0,0,1
8216,1,0,0
8217,1,0,0
8218,1,0,0
8219,0,1,0
8220,1,0,0
8221,1,0,0
8222,1,0,0
8223,0,0,1
8224,1,0,0
8225,1,0,0
8226,1,0,0
8227,1,0,0
8228,1,0,1
8229,1,0,1
8230,0,0,1
8231,1,0,0
8232,1,0,0
8233,1,0,0
8234,1,0,0
8235,1,0,1
8236,0,0,1
8237,1,0,0
8238,1,0,0
8239,1,0,0
8240,0,0,1
8241,1,0,0
8242,1,0,1
8243,1,0,0
8244,0,0,1
8245,1,0,0
8246,1,0,0
8247,1,0,0
8248,0,0,1
8249,1,0,0
8250,0,0,1
8251,0,0,1
8252,0,0,1
8253,0,0,1
8254,1,0,0
8255,1,1,0
8256,1,0,0
8257,1,0,0
8258,0,0,0
8259,1,0,0
8260,1,0,0
8261,1,0,0
8262,0,0,1
8263,1,0,0
8264,1,0,0
8265,1,0,1
8266,0,0,1
8267,1,0,0
8268,1,0,1
8269,0,0,1
8270,1,0,0
8271,1,0,0
8272,0,0,1
8273,1,0,1
8274,1,0,1
8275,1,0,0
8276,1,0,0
8277,1,0,0
8278,1,0,0
8279,0,0,1
8280,0,0,1
8281,1,0,0
8282,0,0,1
8283,1,0,0
8284,1,0,0
8285,1,0,0
8286,0,0,1
8287,1,0,0
8288,1,0,0
8289,1,0,0
8290,1,0,0
8291,0,0,1
8292,1,0,0
8293,0,0,1
8294,1,0,0
8295,0,0,1
8296,1,0,0
8297,0,1,0
8298,0,0,0
8299,1,0,0
8300,1,0,0
8301,1,0,0
8302,0,1,0
8303,0,1,0
8304,1,0,1
8305,1,0,1
8306,1,0,0
8307,1,0,0
8308,1,0,0
8309,1,0,0
8310,1,0,0
8311,1,0,0
8312,0,0,1
8313,1,0,0
8314,0,0,1
8315,1,0,0
8316,1,0,0
8317,0,0,1
8318,1,0,0
8319,1,0,0
8320,1,0,0
8321,1,0,0
8322,1,0,1
8323,0,0,1
8324,1,0,0
8325,1,0,1
8326,0,0,1
8327,1,0,0
8328,1,0,1
8329,1,0,0
8330,1,0,0
8331,1,0,1
8332,1,0,0
8333,1,0,0
8334,0,0,1
8335,1,0,0
8336,1,0,0
8337,1,0,0
8338,1,0,0
8339,0,0,1
8340,1,0,0
8341,1,0,0
8342,0,1,0
8343,0,0,1
8344,0,0,1
8345,0,0,1
8346,1,0,1
8347,1,0,0
8348,0,0,1
8349,1,0,0
8350,1,0,1
8351,1,0,0
8352,0,0,1
8353,0,0,1
8354,1,0,0
8355,1,0,0
8356,1,0,0
8357,0,0,1
8358,1,0,0
8359,1,0,0
8360,0,0,1
8361,0,1,0
8362,0,0,1
8363,1,0,0
8364,1,0,0
8365,1,0,0
8366,1,0,0
8367,1,0,0
8369,1,0,0
8370,0,0,1
8371,1,0,0
8372,0,0,1
8373,1,0,1
8374,1,0,0
8375,1,0,0
8376,1,0,0
8377,1,0,0
8378,1,0,0
8379,1,0,0
8380,1,0,0
8381,1,1,1
8382,1,0,0
8383,1,0,0
8384,0,0,1
8385,0,0,1
8386,0,0,1
8387,1,0,0
8388,1,0,1
8389,1,0,0
8390,0,1,0
8391,1,0,0
8392,1,0,0
8393,1,0,0
8394,1,0,0
8395,1,0,0
8396,1,0,0
8397,0,0,1
8399,0,0,1
8400,0,0,1
8401,1,0,0
8402,0,0,1
8403,0,0,1
8404,1,0,0
8405,0,0,1
8406,0,0,1
8407,1,0,0
8408,0,0,1
8409,1,0,0
8410,1,0,0
8411,1,0,1
8412,0,0,1
8413,1,0,0
8414,1,0,0
8415,0,0,1
8416,1,0,0
8417,0,0,1
8418,1,0,0
8419,0,0,1
8420,1,0,0
8421,0,1,0
8422,1,0,1
8423,1,0,0
8424,1,0,0
8425,0,0,1
8426,0,0,1
8427,1,0,0
8428,1,0,1
8429,1,0,0
8430,1,0,1
8431,1,0,0
8432,1,0,0
8433,1,0,0
8434,1,0,0
8435,1,0,0
8436,1,0,1
8437,0,0,1
8438,1,0,0
8439,1,0,0
8440,0,0,1
8441,1,0,0
8442,0,0,1
8443,1,0,0
8444,1,0,0
8445,0,0,1
8446,1,0,1
8447,0,0,1
8448,1,0,0
8449,1,0,0
8450,1,1,0
8451,1,0,0
8452,0,0,1
8453,0,0,1
8454,0,1,0
8455,0,0,1
8456,0,0,1
8457,1,0,0
8458,0,0,1
8459,1,0,0
8460,0,0,1
8461,0,0,1
8462,1,0,0
8463,1,1,0
8464,1,0,0
8465,0,0,1
8466,1,0,0
8467,1,0,0
8468,1,0,0
8469,1,0,0
8470,1,0,1
8471,1,0,0
8472,1,0,1
8473,1,0,0
8474,1,0,0
8475,1,0,0
8476,1,0,0
8477,1,0,1
8479,0,0,1
8480,1,0,1
8483,0,0,1
8484,1,0,0
8485,1,0,0
8486,1,0,0
8487,1,0,0
8488,0,0,1
8489,0,1,0
8490,1,0,1
8491,1,0,0
8492,1,0,0
8493,0,0,1
8494,0,0,1
8495,1,0,0
8496,1,0,0
8497,1,0,0
8498,1,0,0
8499,1,0,1
8500,1,0,0
8501,0,1,0
8502,1,0,0
8503,1,0,1
8504,1,0,0
8505,1,0,0
8507,1,0,0
8508,1,0,0
8509,1,0,0
8510,1,0,0
8511,1,0,0
8512,1,0,0
8513,1,0,0
8514,1,0,0
8515,1,0,0
8516,1,0,0
8517,1,0,0
8518,1,0,0
8519,1,0,0
8520,1,0,0
8521,0,0,1
8522,1,0,0
8523,1,0,0
8524,1,0,0
8525,1,0,0
8526,0,1,0
8527,1,0,0
8528,1,0,0
8529,1,0,0
8530,1,1,0
8531,1,0,0
8532,1,0,0
8533,1,0,0
8534,0,1,0
8535,1,0,0
8536,1,0,0
8537,1,0,0
8538,0,0,1
8539,1,0,0
8540,1,0,0
8541,1,0,0
8542,0,0,1
8543,0,1,1
8544,0,0,0
8545,1,0,0
8546,1,0,0
8547,0,0,1
8548,1,0,0
8549,1,0,0
8550,1,0,1
8551,1,0,0
8552,1,0,0
8553,1,0,0
8554,0,1,0
8555,0,1,0
8556,0,0,1
8557,0,0,1
8558,0,0,1
8559,1,0,0
8560,1,0,1
8561,0,1,0
8562,1,0,0
8563,1,0,0
8565,1,0,0
8566,0,1,0
8567,0,1,0
8568,0,0,1
8569,1,0,0
8570,0,0,1
8571,1,0,0
8572,0,0,1
8573,1,0,0
8574,0,0,1
8575,1,0,0
8576,1,0,0
8577,1,0,0
8578,1,0,1
8579,0,1,0
8580,1,0,0
8581,0,0,1
8583,0,0,1
8584,1,0,0
8585,1,0,0
8586,1,0,0
8587,1,0,0
8588,0,0,1
8589,1,0,0
8590,0,0,1
8591,0,0,1
8592,0,0,1
8593,1,0,0
8594,0,0,1
8595,1,0,0
8596,1,0,0
8597,1,0,0
8598,1,0,0
8599,1,0,0
8600,1,0,0
8601,1,0,0
8602,0,1,0
8603,1,0,0
8604,0,0,1
8605,1,0,0
8606,0,0,0
8607,0,1,0
8608,0,0,1
8609,1,0,0
8610,0,0,1
8611,0,0,1
8612,0,0,1
8613,0,0,1
8614,1,0,0
8615,1,0,0
8616,0,0,1
8617,1,0,0
8618,0,0,0
8619,1,0,0
8620,1,0,0
8621,1,0,0
8622,1,0,1
8623,1,0,0
8624,1,0,0
8625,1,0,0
8626,0,1,0
8627,1,0,0
8628,1,0,0
8629,1,0,0
8630,1,0,0
8631,0,0,1
8632,1,0,0
8633,1,0,0
8634,0,0,1
8635,0,0,0
8636,0,0,0
8637,0,1,0
8638,0,0,1
8639,0,0,1
8640,1,0,0
8641,0,1,0
8642,0,0,1
8643,1,0,0
8645,1,0,0
8646,1,0,0
8647,1,0,0
8648,1,0,0
8650,1,0,0
8651,1,0,0
8652,1,0,1
8653,1,0,0
8654,0,0,1
8655,1,0,0
8656,1,0,0
8657,1,0,0
8658,0,1,0
8659,0,1,0
8660,0,0,1
8661,1,0,0
8662,1,0,0
8663,0,0,1
8664,1,0,0
8665,0,0,1
8666,0,0,1
8667,1,0,0
8668,1,0,0
8669,1,0,0
8670,0,0,0
8671,1,0,0
8672,1,0,0
8673,1,0,0
8674,1,0,0
8675,1,0,0
8676,1,0,0
8677,0,0,1
8678,1,0,0
8680,0,0,1
8681,1,0,0
8682,0,0,1
8683,1,0,0
8684,0,1,0
8685,1,0,0
8686,1,0,0
8687,0,0,1
8688,1,0,0
8689,0,1,0
8690,0,0,0
8691,0,0,1
8692,1,0,0
8693,0,1,0
8694,0,1,0
8695,0,0,0
8696,1,0,0
8697,1,0,0
8698,1,0,0
8699,1,0,0
8700,1,0,0
8701,0,0,1
8702,1,0,0
8703,1,0,0
8704,1,0,0
8706,1,0,0
8707,1,0,0
8708,1,0,0
8709,0,0,1
8710,0,1,0
8711,1,0,0
8712,1,0,0
8713,0,0,0
8714,0,1,0
8716,1,0,0
8717,1,0,0
8718,1,0,0
8719,0,1,0
8720,0,0,1
8721,1,0,0
8722,1,0,0
8723,1,0,0
8724,1,0,0
9000,0,0,1
