得意先コード,袋,角底,手提げ袋,保存袋
1,1,1,0,0
3,1,1,0,0
4,1,0,0,0
6,1,1,0,0
7,1,1,0,1
8,0,0,0,0
14,0,1,0,0
20,1,1,0,0
22,1,1,0,0
26,1,0,0,0
29,1,1,0,0
35,1,0,0,0
38,1,1,0,0
41,0,0,0,0
49,0,0,0,0
51,0,0,0,0
53,0,0,0,0
65,1,1,1,1
67,1,1,0,0
68,1,1,0,1
70,1,1,1,1
72,1,0,0,0
73,1,1,0,1
74,1,1,0,1
76,1,0,0,0
78,0,1,0,0
80,1,1,0,1
86,1,0,0,0
88,1,1,0,0
93,0,1,0,0
99,1,1,0,0
100,1,1,0,0
102,0,0,0,0
104,1,1,0,0
108,1,1,0,0
110,1,1,0,0
112,1,0,0,0
116,0,0,0,0
124,1,0,0,0
126,1,1,0,0
129,0,0,0,0
130,1,1,0,1
132,1,1,0,0
135,1,0,0,0
138,1,1,0,0
140,1,1,0,0
141,1,1,0,0
144,1,1,0,0
145,1,1,0,1
146,1,0,0,0
150,1,0,0,0
151,0,0,0,0
152,1,1,0,1
160,1,1,0,0
161,1,1,0,1
166,1,0,0,0
171,1,1,0,0
172,1,1,0,0
175,1,0,0,0
177,1,1,0,0
181,0,1,0,0
182,1,0,0,0
184,0,0,0,0
192,1,1,0,1
196,1,1,0,1
198,1,1,0,0
199,0,1,0,0
203,1,0,0,0
204,1,1,0,0
205,0,0,0,0
206,1,1,0,0
210,1,1,0,1
216,0,0,0,0
217,0,0,0,0
221,1,1,0,0
241,1,1,0,0
245,1,1,0,0
249,1,0,0,0
259,0,1,0,0
270,1,1,0,0
271,1,1,0,0
272,0,0,0,0
284,0,0,0,0
291,1,1,0,1
292,1,0,0,0
295,1,1,0,1
299,1,1,0,1
310,1,1,0,0
311,1,0,0,0
312,1,0,0,0
313,0,0,0,0
316,0,1,0,0
320,1,1,0,1
328,1,0,0,0
329,1,0,0,0
330,1,1,0,1
333,1,0,0,0
335,0,0,0,0
337,0,0,0,0
339,1,0,0,0
340,0,0,0,0
374,0,0,0,0
376,0,1,0,0
382,1,1,0,0
391,1,1,0,1
395,1,1,0,0
401,0,0,0,0
402,1,0,0,0
403,1,0,0,0
404,0,0,0,0
406,0,0,0,0
407,0,0,0,0
408,0,1,0,0
409,0,0,0,0
412,0,0,0,0
415,0,0,0,0
417,0,0,0,0
419,0,0,0,0
420,1,1,0,0
422,0,1,0,0
423,0,0,0,0
427,1,1,0,0
428,1,1,0,1
430,1,1,0,0
431,0,0,0,0
432,1,0,0,0
433,1,1,0,0
434,0,0,0,0
435,0,0,0,0
436,1,1,0,0
437,0,0,0,0
450,1,1,0,1
460,1,1,0,0
462,1,1,0,0
465,1,0,0,0
467,1,1,0,0
469,0,0,0,0
471,0,1,0,0
472,0,0,0,0
476,0,0,0,0
477,1,0,0,0
478,0,0,0,0
479,1,1,0,0
480,0,0,0,0
482,1,0,0,0
484,0,0,0,0
485,0,0,0,0
486,0,0,0,0
487,0,0,0,0
488,1,1,0,0
489,0,0,0,0
490,0,0,0,0
500,1,1,0,1
501,1,1,0,0
504,1,1,0,0
505,1,0,0,0
507,1,1,0,0
508,1,1,0,0
511,1,0,0,0
512,1,1,0,0
514,1,1,0,0
515,1,0,0,0
516,0,0,0,0
525,0,0,0,0
528,0,0,0,0
530,0,0,0,0
549,1,0,0,0
550,1,0,0,0
553,1,0,0,0
554,1,1,0,0
556,1,0,0,1
562,0,0,0,0
564,0,0,0,0
565,0,0,0,0
566,0,0,0,0
567,0,1,0,0
568,0,0,0,0
569,0,0,0,0
570,0,0,0,0
571,0,0,0,0
572,1,0,0,0
573,1,0,0,0
575,0,0,0,0
577,0,0,0,0
578,0,0,0,0
579,1,1,0,0
581,0,0,0,0
582,0,1,0,0
583,0,0,0,0
601,1,1,0,0
603,1,0,0,0
604,1,1,0,0
608,1,1,0,1
613,1,1,0,0
614,1,1,1,1
615,1,1,0,0
627,1,1,0,1
630,0,1,0,0
632,1,0,0,0
641,1,1,0,0
643,0,0,0,0
644,1,1,1,1
646,1,1,0,0
648,0,0,0,0
651,1,1,0,0
652,1,1,0,0
655,1,1,0,0
656,1,1,0,1
658,1,1,0,1
660,1,0,0,0
663,1,1,0,1
664,1,0,0,0
665,1,0,0,0
667,1,1,0,0
669,1,0,0,0
677,0,1,0,0
680,0,0,0,0
681,0,0,0,0
682,1,1,0,0
683,1,1,0,0
684,0,0,0,0
685,1,1,0,0
686,1,0,0,0
688,0,0,0,0
689,1,0,0,0
690,0,0,0,0
691,1,0,1,0
692,0,0,0,0
693,0,0,0,0
694,0,0,0,0
695,0,0,0,0
696,1,1,0,1
697,0,1,0,0
699,1,0,0,0
700,1,0,0,0
702,1,0,0,0
705,0,0,0,0
706,1,1,0,0
714,1,0,0,0
720,1,1,1,1
749,1,1,0,1
751,1,1,0,1
752,1,1,1,0
756,1,1,0,0
758,1,1,0,1
759,1,1,0,1
760,1,1,1,0
791,0,0,0,0
792,1,1,0,0
793,1,0,0,0
795,1,1,0,0
796,0,0,0,0
797,0,0,0,0
799,1,0,0,0
802,1,1,0,0
803,0,0,0,0
806,0,0,0,0
807,0,0,0,0
810,1,1,0,0
816,1,1,0,1
817,0,0,0,0
822,1,1,0,0
823,0,0,0,0
824,1,0,0,0
828,0,0,0,0
829,1,1,0,0
830,0,0,0,0
850,1,0,0,0
853,1,0,0,0
854,1,1,0,1
855,1,1,0,1
856,1,1,0,1
858,1,1,0,0
866,1,0,0,0
867,0,0,0,0
870,1,1,0,0
877,1,1,0,1
878,0,0,0,0
879,1,0,0,0
881,1,0,0,0
882,1,1,0,0
883,1,0,0,0
886,1,0,0,0
887,1,0,0,0
893,1,0,0,0
900,1,1,0,0
903,1,0,0,0
907,1,0,0,0
908,1,0,0,0
913,1,1,0,0
915,1,0,0,0
918,0,0,0,0
923,0,0,0,0
925,1,0,0,0
937,1,1,0,0
946,1,0,0,0
966,1,1,0,0
967,1,0,0,0
972,1,1,0,0
973,1,1,0,0
974,1,1,0,0
975,0,0,0,0
976,1,0,0,0
977,1,0,0,0
978,1,0,0,0
979,0,0,0,0
980,0,0,0,0
981,0,0,0,0
982,1,0,0,0
1001,0,1,0,0
1016,0,1,0,0
1017,1,0,0,0
1023,0,0,0,0
1033,1,1,0,0
1034,1,1,0,0
1037,1,0,0,0
1038,0,0,0,0
1054,1,0,0,0
1057,0,0,0,0
1061,1,0,0,0
1062,0,0,0,0
1063,0,0,0,0
1064,0,0,0,0
1065,0,0,0,0
1066,0,0,0,0
1067,1,0,0,0
1068,0,0,0,0
1137,0,0,0,0
1140,0,1,0,0
1142,1,1,0,0
1146,1,1,0,0
1149,1,0,0,0
1153,1,1,0,0
1154,1,0,0,0
1155,0,0,0,0
1156,1,1,0,0
1157,0,0,0,0
1158,1,1,0,0
1159,1,0,0,0
1160,1,1,0,0
1161,1,1,0,0
1163,1,0,0,0
1164,1,0,0,0
1166,0,0,0,0
1168,0,0,0,0
1169,1,0,0,0
1170,0,0,0,0
1171,1,0,0,0
1188,1,1,0,0
1189,1,0,0,0
1191,1,1,0,0
1192,1,1,0,0
1193,1,0,0,0
1194,1,1,0,1
1200,1,1,0,0
1202,1,0,0,0
1203,0,1,0,0
1206,1,0,0,0
1212,0,1,0,0
1213,0,1,0,0
1214,0,0,0,0
1215,1,0,0,0
1217,0,0,0,0
1250,1,0,0,0
1251,1,0,0,0
1252,1,0,0,0
1253,1,0,0,0
1254,1,0,0,0
1255,0,0,0,0
1256,1,0,0,0
1257,1,0,0,0
1258,1,0,0,0
1259,0,0,0,0
1260,0,0,0,0
1261,1,0,0,0
1262,0,1,0,0
1263,0,0,1,0
1303,0,0,0,0
1304,0,0,0,0
1310,1,0,0,0
1311,0,1,0,0
1312,1,0,0,0
1314,0,0,0,0
1316,0,0,0,0
1317,1,0,0,0
1318,0,1,0,0
1350,1,1,0,1
1352,1,1,0,0
1353,1,0,0,0
1401,1,1,0,1
1402,0,0,0,0
1403,0,0,0,0
1404,1,0,0,0
1405,0,0,0,0
1451,1,1,0,0
1452,0,0,0,0
1527,1,1,0,0
1528,1,1,0,1
1531,0,0,0,0
1537,0,0,0,0
1538,1,1,0,0
1544,1,1,0,0
1545,0,0,0,0
1546,0,1,0,0
1547,0,1,0,0
1548,0,0,0,0
1549,1,1,0,0
1550,1,1,0,0
1551,0,0,0,0
1552,1,0,0,0
1556,1,0,0,0
1557,1,0,0,0
1559,0,0,0,0
1560,1,1,0,0
1562,1,0,0,0
1563,1,0,0,0
1564,1,0,0,0
1565,0,0,0,0
1566,1,0,0,0
1567,1,0,0,0
1568,0,0,0,0
1569,1,1,0,0
1570,1,1,0,0
1571,0,0,0,0
1572,1,1,0,0
1573,0,0,1,0
1574,1,0,0,0
1575,0,0,0,0
1576,1,0,0,0
1577,1,0,0,0
1602,0,0,0,0
1605,0,0,0,0
1606,1,0,0,0
1608,1,0,0,0
1633,0,0,0,0
1651,1,1,0,0
1652,0,1,0,0
1700,0,0,0,0
1703,0,0,0,0
1704,1,1,0,0
1705,0,0,0,0
1706,1,0,0,0
1707,0,0,0,0
1708,0,0,1,0
1807,0,0,0,0
1808,1,0,0,0
1818,0,0,0,0
1819,0,0,0,0
1820,0,1,0,0
1821,0,0,0,0
1822,0,0,0,0
1823,0,0,0,0
1824,0,1,0,0
1825,1,0,0,0
1826,1,0,0,0
1827,1,1,1,0
1829,0,0,1,0
1918,1,1,0,1
1921,0,1,0,0
1922,1,1,0,0
1924,0,0,0,0
1926,0,0,0,0
1927,1,1,0,0
1957,0,0,0,0
1959,1,1,0,0
1960,1,1,0,0
1963,1,0,0,0
1964,0,1,0,0
2011,0,0,0,0
2019,1,0,0,0
2020,0,0,0,0
2022,0,1,0,0
2023,1,0,0,0
2024,1,1,0,0
2025,1,0,0,0
2026,1,1,0,0
2027,0,0,0,0
2047,1,1,0,0
2048,0,0,0,0
2052,1,0,0,0
2116,1,0,0,0
2117,1,1,0,0
2122,1,0,0,0
2124,1,1,0,0
2125,0,1,0,0
2126,1,1,0,0
2127,0,1,0,0
2128,1,0,0,0
2129,0,1,0,0
2130,0,0,0,0
2131,1,0,0,0
2132,0,0,0,0
2134,0,0,0,0
2137,0,0,0,0
2138,0,0,0,0
2139,0,0,0,0
2140,0,0,1,0
2150,0,0,0,0
2201,1,0,0,0
2202,1,0,0,0
2250,1,0,0,0
2251,0,0,0,0
2252,0,0,0,0
2304,0,1,0,0
2305,0,0,0,0
2404,0,0,0,0
2405,0,0,0,0
2512,0,1,0,0
2526,0,0,0,0
2529,0,1,0,0
2530,1,1,0,0
2531,1,1,0,1
2532,1,1,0,1
2535,1,0,0,0
2536,1,1,0,0
2537,0,0,0,0
2538,0,0,0,0
2539,0,1,0,0
2540,0,0,0,0
2541,1,0,0,0
2542,0,0,0,0
2543,1,0,0,0
2544,0,0,0,0
2545,0,0,0,0
2546,0,0,0,0
2550,1,1,0,1
2552,1,1,0,0
2555,0,0,0,0
2611,1,1,0,0
2615,1,0,0,0
2620,0,0,0,0
2651,1,0,0,0
2653,1,0,0,0
2654,0,0,0,0
2655,0,1,0,0
2656,1,1,0,0
2657,1,0,0,0
2658,1,0,0,0
2659,1,0,0,0
2660,0,1,0,0
2661,0,0,0,0
2662,0,0,0,0
2663,0,0,0,0
2670,1,0,0,0
2706,0,0,0,0
2730,0,0,0,0
2735,1,1,1,0
2754,1,1,0,0
2756,0,0,0,0
2757,0,0,0,0
2767,1,0,0,0
2770,1,0,0,0
2771,1,1,0,0
2809,1,1,0,0
2811,0,0,0,0
2812,1,0,0,0
2816,0,0,0,0
2817,0,0,0,0
2818,0,0,0,0
2819,0,0,0,0
2821,1,1,0,0
2822,0,0,0,0
2823,0,0,0,0
2824,0,0,0,0
2825,1,0,0,0
2826,1,0,0,0
2827,0,0,0,0
2828,1,0,0,0
2829,0,0,0,0
2830,0,0,0,0
2831,1,1,0,0
2832,1,0,0,0
2833,1,1,0,0
2834,1,0,0,0
2835,1,1,0,0
2836,1,1,0,1
2837,0,0,0,0
2838,0,0,0,0
2839,1,0,0,0
2840,0,0,0,0
2841,0,1,0,0
2842,0,1,0,0
2843,1,0,0,0
2844,0,0,0,0
2846,0,0,0,0
2908,0,0,0,0
2911,0,1,0,0
2912,0,0,0,0
2913,1,0,0,0
2914,0,0,0,0
2933,1,1,0,0
2934,0,1,0,0
2935,1,0,0,0
2936,0,1,0,0
2937,0,0,0,0
3005,1,1,0,0
3007,1,1,0,0
3013,0,0,0,0
3014,1,1,0,0
3016,1,1,0,0
3017,0,0,0,0
3018,0,0,0,0
3019,1,0,0,0
3020,1,1,0,0
3021,0,0,0,0
3022,0,0,0,0
3023,0,0,0,0
3024,0,0,0,0
3025,0,0,0,0
3026,1,1,0,1
3051,1,1,0,0
3052,0,0,0,0
3102,1,0,0,0
3150,0,0,0,0
3151,1,1,0,0
3152,1,1,0,0
3155,1,1,0,0
3156,0,0,0,0
3157,0,0,0,0
3158,0,0,0,0
3159,1,0,0,0
3160,1,1,0,0
3161,1,0,0,0
3162,1,0,0,0
3163,1,1,0,0
3164,0,0,0,0
3165,0,0,0,0
3201,0,0,0,0
3307,0,0,0,0
3309,1,0,0,0
3310,1,1,0,0
3413,0,1,0,0
3500,1,1,0,0
3503,1,1,0,0
3506,1,1,0,0
3507,0,1,0,0
3509,0,0,0,0
3512,1,1,0,1
3513,0,0,0,0
3514,1,1,0,0
3515,1,1,0,0
3550,1,1,0,1
3551,1,1,0,0
3553,0,0,0,0
3554,0,0,0,0
3555,0,0,0,0
3556,1,1,0,0
3557,1,0,0,0
3558,1,1,0,0
3559,1,1,0,0
3560,0,0,0,0
3561,0,0,0,0
3563,0,0,0,0
3564,0,1,0,0
3600,0,1,0,0
3602,0,0,0,0
3603,0,0,0,0
3700,1,1,0,0
3703,0,0,0,0
3704,1,1,0,0
4007,0,0,0,0
4008,0,0,0,0
4009,0,0,0,0
4104,0,0,0,0
4105,0,1,0,0
4106,1,0,0,0
4250,1,0,0,0
4251,0,1,0,0
4252,0,0,0,0
4253,0,0,0,0
4254,1,1,0,0
4255,1,1,0,1
4256,0,0,0,0
4257,0,0,0,0
4258,0,0,0,0
4300,1,0,0,0
4511,0,1,0,0
5006,1,0,0,0
5008,0,0,0,0
5009,1,0,0,0
5010,1,1,0,1
5013,1,0,0,0
5016,1,0,0,0
5017,0,0,0,0
5018,0,0,0,0
5019,1,0,0,0
5020,0,1,0,0
5021,1,0,0,0
5022,0,1,0,0
5023,0,1,0,0
5050,0,0,0,0
5053,0,0,0,0
5054,1,0,0,0
5055,0,0,0,0
5056,1,1,0,0
5059,1,1,0,0
5060,0,0,0,0
5061,0,1,0,0
5062,1,1,1,0
5063,0,0,0,0
5064,0,1,0,0
5065,1,1,0,0
5066,0,0,0,0
5067,0,1,0,0
5068,0,1,0,0
5069,0,0,0,0
5070,0,0,0,0
5071,1,0,0,0
5072,0,0,0,0
5073,1,0,0,0
5074,1,1,0,1
5075,0,0,0,0
5076,0,0,0,0
5077,0,0,0,0
5078,0,0,0,0
5079,0,0,0,0
5080,0,0,0,0
5081,0,0,0,0
5082,0,0,0,0
5083,1,0,0,0
5084,0,0,0,0
5085,0,0,0,0
5086,0,0,0,0
5087,0,0,0,0
5088,0,0,0,0
5089,1,0,0,0
5090,0,0,0,0
5091,1,0,0,0
5093,0,0,0,0
5094,0,1,0,0
5095,0,0,0,0
5102,0,0,0,0
5106,1,1,0,0
5110,0,0,0,0
5115,0,1,0,0
5116,1,1,0,0
5118,0,0,0,0
5119,1,1,0,0
5120,1,0,0,0
5121,0,0,0,0
5122,0,0,0,0
5123,1,0,0,0
5124,1,0,0,0
5125,0,0,0,0
5126,1,1,0,0
5127,1,1,0,0
5128,1,1,0,0
5129,1,1,0,0
5130,0,0,0,0
5131,0,0,0,0
5132,0,0,0,0
5133,0,0,0,0
5134,0,0,0,0
5151,1,0,0,0
5153,1,1,0,0
5154,0,1,0,0
5155,1,1,0,0
5156,1,0,0,0
5157,0,0,0,0
5158,0,0,0,0
5159,0,0,0,0
5160,0,0,0,0
5161,0,0,0,0
5162,0,0,0,0
5163,0,0,0,0
5200,0,0,0,0
5201,1,1,0,0
5202,1,0,0,0
5203,1,0,0,0
5204,0,1,0,0
6000,0,1,0,0
6001,0,0,0,0
6002,0,0,0,0
6003,0,0,0,0
6004,0,0,0,0
6005,1,1,1,0
6006,0,0,0,0
6007,0,0,0,0
6008,0,0,0,0
6009,0,0,0,0
6010,0,0,0,0
6011,0,0,0,0
6012,0,0,0,0
6013,1,1,0,0
6014,0,0,0,0
6015,0,0,0,0
6016,0,0,0,0
6017,0,0,0,0
6018,0,1,0,0
6019,1,0,0,0
6020,0,0,0,0
6021,0,0,0,0
6022,0,0,0,0
6023,1,0,0,0
6024,1,0,0,0
6025,0,0,0,0
6026,0,0,0,0
6027,0,0,0,0
6028,0,0,0,0
6029,0,0,0,0
6030,0,1,0,0
6031,0,1,0,0
6032,0,1,0,0
6033,0,0,0,0
6034,0,0,0,0
6035,0,0,0,0
6036,0,0,0,0
6037,0,0,0,0
6038,0,0,0,0
6039,1,0,0,0
6040,0,0,0,0
6041,0,1,0,0
6042,0,1,0,0
6043,0,0,0,0
6044,0,0,0,0
6045,0,0,0,0
6046,0,0,0,0
6047,0,0,0,0
6048,0,0,0,0
6049,0,0,0,0
6050,0,0,0,0
6051,1,1,0,0
6052,0,0,0,0
6053,0,0,0,0
6054,0,0,0,0
6055,0,0,0,0
6056,0,0,0,0
6057,0,0,0,0
6058,1,1,0,0
6059,0,0,0,0
6060,0,1,1,0
6061,0,0,0,0
6062,0,0,0,0
6063,1,0,0,0
6064,1,1,0,1
6065,0,0,0,0
6066,1,0,0,0
6067,0,0,0,0
6068,0,1,0,0
6069,0,0,0,0
6070,1,0,0,0
6071,0,0,0,0
6072,0,0,0,0
6073,0,0,0,0
6076,1,1,0,0
6077,0,0,0,0
6078,0,1,0,0
6079,0,0,0,0
6080,0,0,0,0
6081,0,0,0,0
6082,1,0,0,0
6083,1,1,0,0
6084,0,0,0,0
6085,0,0,0,0
6086,0,0,0,0
6087,0,0,0,0
6088,1,1,0,0
6089,1,1,0,0
6090,0,0,0,0
6091,0,0,0,0
6092,0,1,0,0
6093,0,0,0,0
6094,0,1,1,0
6095,1,1,0,0
6096,0,0,0,0
6097,0,1,0,0
6098,0,0,0,0
6099,1,1,0,0
6100,1,1,0,0
6101,0,0,0,0
6102,0,0,0,0
6103,0,0,1,0
6104,1,1,0,0
6105,0,0,0,0
6106,0,0,0,0
6107,1,0,0,0
6108,0,0,0,0
6109,0,0,0,0
6110,0,0,0,0
6111,1,1,0,0
6112,0,1,0,0
6113,0,0,0,0
6114,0,0,0,0
6115,0,0,0,0
6116,1,1,0,0
6117,1,0,0,0
6118,0,0,0,0
6119,1,1,0,0
6120,0,0,0,0
6121,0,0,0,0
6122,0,1,0,0
6123,0,1,0,0
6124,0,1,0,0
6125,0,1,0,0
6126,0,0,0,0
6127,0,0,0,0
6128,0,0,0,0
6129,0,0,0,0
6130,1,1,0,0
6131,0,1,0,0
6132,1,0,0,0
6133,0,0,0,0
6134,1,0,0,0
6135,0,0,0,0
6136,0,0,0,0
6137,1,1,0,0
6138,0,0,0,0
6139,0,0,0,0
6140,0,0,0,0
6141,0,0,0,0
6142,0,0,0,0
6143,1,1,0,1
6144,0,0,0,0
6145,0,0,0,0
6146,0,0,0,0
6147,0,0,0,0
6148,0,0,0,0
6149,0,0,0,0
6150,0,0,0,0
6151,0,0,0,0
6152,0,1,0,0
6153,0,0,0,0
6155,0,0,0,0
6156,0,0,0,0
6157,1,1,0,0
6158,1,1,0,0
6159,0,0,0,0
6160,0,0,0,0
6161,0,0,0,0
6162,0,0,0,0
6163,0,0,0,0
6164,0,0,0,0
6165,0,0,0,0
6166,0,0,0,0
6167,0,0,0,0
6168,1,0,0,0
6169,0,0,0,0
6170,0,0,0,0
6172,0,0,0,0
6174,0,0,0,0
6175,0,0,0,0
6176,0,0,0,0
6178,0,0,0,0
6179,1,0,0,0
6180,0,0,0,0
6181,0,0,0,0
6182,1,1,0,0
6183,0,0,0,0
6184,0,0,1,0
6185,0,0,0,0
6186,1,0,0,1
6187,0,0,0,0
6188,0,0,0,0
6189,0,0,1,0
6190,0,0,0,0
6191,0,0,0,0
6192,0,0,0,0
6193,0,0,0,0
6194,0,0,0,0
6195,0,1,0,0
6196,0,1,1,0
6197,0,0,0,0
6198,0,0,0,0
6199,0,0,0,0
6200,0,0,0,0
6201,0,0,0,0
6202,0,0,0,0
6203,0,0,0,0
6204,0,0,0,0
6205,1,0,0,0
6206,0,1,0,0
6207,1,1,0,0
6208,0,0,0,0
6209,0,0,0,0
6210,0,0,0,0
6211,0,0,0,0
6212,0,1,0,0
6213,0,1,0,0
6214,0,0,0,0
6215,0,0,0,0
6216,0,0,0,0
6217,0,1,0,0
6218,0,0,0,0
6219,0,0,0,0
6220,1,0,0,0
6221,0,1,0,0
6222,0,0,0,0
6223,1,1,0,0
6224,0,1,0,0
6225,0,0,0,0
6226,0,0,0,0
6227,0,0,0,0
6228,0,0,0,0
6230,0,0,0,0
6231,0,0,0,0
6232,0,0,0,0
6233,0,1,0,0
6234,0,0,0,0
6235,0,0,0,0
6236,1,0,0,0
6237,0,0,0,0
6238,0,0,0,0
6239,0,0,0,0
6240,0,0,0,0
6241,0,0,0,0
6242,0,0,0,0
6243,1,0,0,0
6244,0,0,0,0
6245,0,1,0,0
6246,0,0,1,0
6247,0,0,0,0
6248,0,1,0,0
6249,1,1,0,0
6250,0,0,0,0
6251,1,1,0,0
6252,0,0,0,0
6253,1,0,0,0
6254,0,0,0,0
6255,0,1,1,0
6256,0,0,0,0
6257,0,1,1,0
6258,0,0,0,0
6259,0,0,0,0
6260,0,0,0,0
6261,0,0,0,0
6262,0,0,0,0
6263,0,0,0,0
6264,0,0,0,0
6265,0,0,0,0
6266,0,1,0,0
6268,0,0,0,0
6269,0,0,0,0
6270,0,0,0,0
6271,0,0,0,0
6272,0,0,0,0
6273,0,0,0,0
6274,0,0,1,0
6275,0,1,0,0
6276,1,1,0,0
6277,0,0,0,0
6278,1,1,0,0
6279,1,1,1,0
6280,0,0,0,0
6281,0,0,0,0
6282,0,0,0,0
6283,0,1,0,0
6284,0,0,0,0
6285,0,0,0,0
6286,0,0,0,0
6287,1,0,0,0
6288,0,1,0,0
6289,1,0,0,0
6290,0,0,0,0
6291,1,1,0,0
6292,0,0,0,0
6293,0,0,0,0
6294,0,0,0,0
6295,0,0,0,0
6297,1,1,0,0
6298,0,0,0,0
6300,0,0,0,0
6301,0,0,0,0
6302,0,0,0,0
6303,1,0,0,1
6304,1,1,0,0
6305,0,0,0,0
6306,0,1,0,0
6307,0,1,0,0
6308,0,0,0,0
6309,0,0,0,0
6310,0,1,1,0
6311,0,0,0,0
6313,0,0,0,0
6314,0,0,0,0
6315,0,0,0,0
6316,0,0,0,0
6317,1,0,0,0
6318,0,1,0,0
6319,1,1,0,0
6320,1,1,0,0
6321,0,0,0,0
6322,0,0,1,0
6323,0,0,0,0
6324,0,0,0,0
6325,1,0,0,0
6326,0,0,0,0
6327,0,1,0,0
6328,0,0,0,0
6329,0,0,0,0
6330,0,0,0,0
6331,1,0,0,0
6332,0,0,0,0
6333,0,0,0,0
6334,0,0,0,0
6335,0,1,0,0
6336,1,0,0,0
6338,0,0,0,0
6339,0,0,0,0
6340,0,0,0,0
6341,0,0,0,0
6342,0,0,0,0
6343,1,1,0,1
6344,0,0,0,0
6345,0,0,0,0
6347,0,0,0,0
6348,0,0,0,0
6349,0,1,0,0
6350,0,0,0,0
6351,1,0,0,0
6352,1,0,0,0
6353,0,1,0,0
6354,1,0,0,0
6355,0,0,0,0
6356,0,0,0,0
6357,0,0,0,0
6358,0,0,0,0
6359,0,0,0,0
6360,0,0,0,0
6361,0,0,0,0
6362,0,0,0,0
6363,0,0,0,0
6364,0,0,0,0
6365,0,1,0,0
6368,0,0,0,0
6369,0,0,0,0
6370,0,0,0,0
6371,0,0,0,0
6372,0,0,0,0
6373,0,0,0,0
6374,1,1,1,0
6375,0,0,0,0
6376,0,0,0,0
6377,0,0,0,0
6378,0,0,0,0
6379,0,0,0,0
6380,0,0,0,0
6381,1,1,0,0
6382,0,0,0,0
6383,0,0,0,0
6384,1,0,0,0
6385,0,0,0,0
6386,0,1,1,0
6387,0,0,0,0
6388,0,0,0,0
6389,0,1,0,0
6390,0,1,0,0
6391,0,0,0,0
6392,0,0,0,0
6393,0,0,0,0
6394,0,0,0,0
6395,0,0,0,0
6396,0,0,0,0
6397,0,0,0,0
6398,0,0,0,0
6399,0,0,0,0
6400,0,0,0,0
6401,0,0,0,0
6402,0,0,0,0
6403,0,0,0,0
6404,0,0,0,0
6405,0,0,0,0
6406,0,0,0,0
6407,1,0,0,0
6408,0,0,0,0
6409,1,1,0,0
6410,0,0,0,0
6411,0,0,0,0
6412,0,1,0,0
6413,0,0,0,0
6414,0,0,0,0
6415,0,0,0,0
6416,0,0,0,0
6418,0,0,0,0
6419,0,0,0,0
6420,0,1,0,0
6421,0,0,0,0
6422,0,0,0,0
6423,0,0,0,0
6424,0,0,0,0
6425,0,0,0,0
6426,0,0,0,0
6427,0,1,0,0
6428,0,1,0,0
6430,0,1,0,0
6431,0,0,0,0
6432,0,0,0,0
6433,0,1,0,0
6434,1,1,0,0
6435,0,1,1,0
6436,0,0,0,0
6437,0,0,0,0
6438,0,0,0,0
6440,0,0,0,0
6441,0,0,0,0
6442,0,0,0,0
6443,0,0,0,0
6444,0,0,0,0
6445,0,1,0,0
6446,0,1,0,0
6447,0,0,0,0
6448,1,0,0,0
6449,0,0,0,0
6450,0,1,1,0
6451,0,1,0,0
6452,0,0,0,0
6453,0,0,0,0
6454,0,0,0,0
6455,0,0,0,0
6456,0,0,0,0
6457,0,0,0,0
6458,0,0,0,0
6459,0,1,0,0
6460,0,0,0,0
6461,0,0,0,0
6462,0,0,0,0
6463,0,0,0,0
6464,0,0,0,0
6465,0,0,0,0
6466,0,0,0,0
6467,0,0,0,0
6468,1,1,0,0
6469,0,0,0,0
6470,0,0,0,0
6471,0,0,0,0
6472,0,0,0,0
6473,0,0,0,0
6475,0,0,0,0
6476,0,0,0,0
6478,0,0,1,0
6479,0,0,0,0
6480,0,1,0,0
6481,1,1,0,0
6482,0,0,0,0
6483,0,0,0,0
6484,0,0,0,0
6485,0,0,0,0
6486,0,0,0,0
6487,0,0,0,0
6488,0,0,0,0
6489,0,0,0,0
6490,0,0,0,0
6491,0,0,0,0
6492,0,0,0,0
6493,0,0,0,0
6494,0,0,0,0
6495,0,0,0,0
6496,0,0,0,0
6498,0,0,0,0
6500,0,0,0,0
6501,0,1,1,0
6502,0,0,0,0
6503,0,0,0,0
6504,0,0,0,0
6506,0,0,0,0
6507,0,0,0,0
6508,1,1,0,0
6509,1,0,0,0
6510,0,0,0,0
6511,0,0,0,0
6512,0,0,0,0
6513,0,0,0,0
6514,0,0,0,0
6515,0,0,0,0
6516,0,0,0,0
6517,0,0,0,0
6518,0,0,0,0
6519,1,0,0,0
6520,0,0,0,0
6521,0,0,0,0
6522,0,0,0,0
6523,0,0,0,0
6524,0,0,0,0
6525,0,0,0,0
6526,0,0,0,0
6527,0,0,0,0
6528,0,0,0,0
6529,0,0,0,0
6530,0,0,0,0
6531,0,0,0,0
6532,0,0,0,0
6533,0,0,0,0
6534,1,0,0,0
6535,0,0,0,0
6536,0,0,0,0
6537,0,0,0,0
6538,0,0,0,0
6539,0,0,0,0
6540,0,0,0,0
6542,0,0,0,0
6543,0,0,0,0
6544,0,0,0,0
6545,1,0,0,0
6546,0,1,0,0
6547,0,0,0,0
6548,0,0,0,0
6549,0,0,0,0
6550,0,0,0,0
6551,0,0,0,0
6552,0,0,0,0
6553,0,0,0,0
6554,0,0,0,0
6555,0,0,0,0
6556,0,0,0,0
6557,0,0,0,0
6558,0,0,0,0
6559,0,0,0,0
6560,0,0,0,0
6561,0,0,0,0
6562,0,0,0,0
6563,0,0,0,0
6564,1,1,0,0
6565,1,0,0,0
6566,1,1,0,0
6567,0,0,0,0
6568,0,0,0,0
6569,0,0,0,0
6570,0,0,0,0
6571,0,0,0,0
6572,0,0,0,0
6573,0,0,0,0
6574,0,0,0,0
6575,0,0,0,0
6576,0,0,0,0
6577,0,0,0,0
6578,0,0,0,0
6579,0,0,0,0
6580,0,0,0,0
6581,0,0,0,0
6582,0,0,0,0
6583,0,0,0,0
6584,0,0,0,0
6585,0,0,0,0
6586,0,0,0,0
6587,0,0,0,0
6588,0,0,0,0
6589,0,0,0,0
6590,0,0,0,0
6591,0,0,0,0
6592,0,0,0,0
6593,0,0,0,0
6594,0,0,0,0
6595,0,0,0,0
6596,0,0,0,0
6597,0,0,0,0
6598,0,0,0,0
6599,0,0,0,0
6600,0,0,0,0
6601,0,0,0,0
6602,0,0,0,0
6604,0,0,0,0
6605,0,0,0,0
6606,0,0,0,0
6607,0,0,0,0
6608,0,0,0,0
6609,0,0,0,0
6610,0,0,0,0
6611,0,0,0,0
6612,0,0,0,0
6613,0,0,0,0
6614,0,0,0,0
6615,0,0,0,0
6616,1,1,0,0
6617,0,0,0,0
6618,0,0,0,0
6619,0,0,0,0
6620,0,0,0,0
6621,0,1,0,0
6622,0,0,0,0
6623,0,1,0,0
6624,1,1,0,0
6625,0,0,0,0
6626,0,0,0,0
6627,0,0,0,0
6628,0,0,0,0
6629,0,0,0,0
6630,0,0,0,0
6631,0,0,0,0
6632,0,0,0,0
6633,0,0,0,0
6634,0,0,0,0
6635,0,0,0,0
6636,0,0,0,0
6637,1,0,0,0
6638,0,0,0,0
6639,0,0,0,0
6640,0,0,0,0
6642,0,0,0,0
6643,1,0,0,0
6644,0,0,0,0
6646,0,0,0,0
6647,0,0,0,0
6648,0,0,0,0
6649,0,0,0,0
6650,0,0,0,0
6651,0,0,0,0
6652,0,0,0,0
6653,0,0,0,0
6654,1,1,0,0
6655,0,0,0,0
6656,1,1,1,0
6657,0,0,0,0
6658,0,0,0,0
6659,0,0,0,0
6660,0,0,0,0
6661,1,0,0,0
6662,0,0,0,0
6663,0,0,0,0
6664,0,0,0,0
6665,0,1,0,0
6666,0,0,0,0
6667,0,0,0,0
6668,0,0,0,0
6669,1,1,1,0
6670,0,0,0,0
6671,0,0,0,0
6672,0,0,0,0
6673,0,0,0,0
6674,0,0,0,0
6676,0,0,0,0
6677,0,0,0,0
6678,0,1,0,0
6679,0,0,0,0
6680,0,0,0,0
6681,0,0,0,0
6682,0,0,0,0
6683,0,0,0,0
6684,0,0,0,0
6685,0,0,0,0
6686,0,0,0,0
6687,1,1,0,1
6688,0,0,0,0
6689,0,0,0,0
6690,0,0,0,0
6691,0,0,0,0
6692,0,0,0,0
6693,0,0,0,0
6694,0,0,0,0
6695,0,0,0,0
6696,0,0,0,0
6697,0,0,0,0
6698,0,0,0,0
6699,0,0,0,0
6700,0,0,0,0
6701,0,0,0,0
6702,0,0,0,0
6703,0,0,0,0
6705,0,0,0,0
6706,0,0,0,0
6707,0,0,0,0
6708,0,0,0,0
6709,0,0,0,0
6710,0,0,0,0
6711,0,0,0,0
6712,0,0,0,0
6713,0,0,0,0
6714,0,0,0,0
6715,0,0,0,0
6716,0,0,0,0
6717,0,0,0,0
6718,0,0,0,0
6719,0,0,0,0
6720,0,0,0,0
6721,0,0,0,0
6722,0,0,0,0
6723,0,0,0,0
6724,0,0,0,0
6725,0,0,0,0
6726,0,0,0,0
6727,0,0,0,0
6728,0,0,0,0
6729,0,0,0,0
6730,0,0,0,0
6731,0,0,0,0
6732,0,0,0,0
6733,0,0,0,0
6734,0,0,0,0
6735,0,0,0,0
6736,0,0,0,0
6737,0,0,0,0
6738,0,0,0,0
6739,0,0,0,0
6740,0,0,0,0
6741,0,0,0,0
6742,0,0,0,0
6743,0,0,0,0
6744,1,0,0,0
6745,0,0,0,0
6746,0,0,0,0
6747,0,0,0,0
6748,0,0,0,0
6749,0,0,0,0
6750,0,0,0,0
6751,0,0,0,0
6752,0,0,0,0
6753,0,0,0,0
6754,0,0,0,0
6755,0,0,0,0
6756,0,0,0,0
6757,0,0,0,0
6758,0,0,0,0
6759,0,0,0,0
6760,0,0,0,0
6761,0,0,0,0
6762,0,0,0,0
6763,1,1,0,0
6764,0,1,1,0
6765,0,0,0,0
6766,0,0,0,0
6767,0,0,0,0
6768,1,0,0,0
6769,0,0,0,0
6770,0,0,0,0
6771,0,0,0,0
6772,0,0,0,0
6773,0,0,0,0
6774,0,0,0,0
6775,0,0,0,0
6776,0,0,0,0
6777,0,0,0,0
6778,0,0,0,0
6779,0,0,0,0
6780,0,0,0,0
6781,0,0,0,0
6782,0,0,0,0
6783,0,0,0,0
6784,0,0,0,0
6785,0,0,0,0
6786,0,0,0,0
6787,0,0,0,0
6788,1,0,0,0
6789,0,0,0,0
6790,0,0,0,0
6791,0,0,0,0
6792,0,0,0,0
6793,0,0,0,0
6794,0,0,0,0
6795,0,1,0,0
6796,0,0,0,0
6797,0,0,0,0
6798,1,0,0,0
6799,0,0,0,0
6800,0,0,0,0
6801,0,0,0,0
6802,0,0,0,0
6803,0,0,0,0
6804,0,0,0,0
6805,0,0,0,0
6806,0,0,0,0
6807,0,0,0,0
6808,0,0,0,0
6809,0,0,0,0
6810,0,0,0,0
6811,0,0,0,0
6812,0,0,0,0
6813,0,0,0,0
6814,0,0,0,0
6815,0,0,0,0
6816,0,0,0,0
6817,0,0,0,0
6818,0,0,0,0
6819,0,0,0,0
6820,0,0,0,0
6821,0,0,0,0
6822,0,0,0,0
6823,0,0,0,0
6824,0,0,0,0
6825,1,0,0,0
6826,0,0,0,0
6827,0,0,0,0
6828,0,0,0,0
6829,0,0,0,0
6830,0,0,0,0
6831,0,0,0,0
6832,0,1,1,0
6833,0,0,0,0
6834,0,0,0,0
6835,0,0,0,0
6836,0,0,0,0
6837,0,0,0,0
6838,0,0,0,0
6839,0,0,0,0
6840,0,0,0,0
6841,1,0,0,0
6842,0,0,0,0
6843,0,0,0,0
6844,0,0,0,0
6845,0,0,0,0
6846,0,0,0,0
6847,0,0,0,0
6848,0,0,0,0
6849,0,0,0,0
6850,0,0,0,0
6851,0,0,0,0
6852,0,0,0,0
6853,0,0,0,0
6854,0,0,0,0
6855,0,0,0,0
6856,0,0,0,0
6857,0,0,0,0
6858,0,0,0,0
6859,0,0,0,0
6860,0,0,0,0
6861,0,0,0,0
6863,0,0,0,0
6864,0,0,0,0
6865,0,0,0,0
6866,0,0,0,0
6867,0,0,0,0
6868,0,0,0,0
6869,0,0,0,0
6870,0,0,0,0
6871,0,0,0,0
6872,0,0,0,0
6873,0,0,0,0
6874,0,0,0,0
6875,0,0,0,0
6876,0,0,0,0
6877,0,0,0,0
6879,0,0,0,0
6880,0,0,0,0
6881,0,0,0,0
6882,0,0,0,0
6883,0,0,0,0
6884,0,0,0,0
6885,0,0,0,0
6886,0,0,0,0
6887,0,0,0,0
6888,0,0,0,0
6889,0,0,0,0
6890,0,0,0,0
6891,0,0,0,0
6892,0,0,0,0
6893,0,0,0,0
6894,0,0,0,0
6895,0,0,0,0
6896,0,0,0,0
6897,0,0,0,0
6898,0,0,0,0
6899,1,1,0,0
6900,0,0,0,0
6901,0,0,0,0
6902,0,0,0,0
6903,0,0,0,0
6904,0,0,0,0
6905,0,0,0,0
6906,0,0,0,0
6907,0,0,0,0
6908,0,0,0,0
6909,0,0,0,0
6910,0,0,0,0
6911,0,0,0,0
6912,0,0,0,0
6913,1,1,0,1
6914,0,0,0,0
6915,0,0,0,0
6916,0,0,0,0
6917,0,0,0,0
6918,0,0,0,0
6919,0,0,0,0
6920,0,0,0,0
6921,0,0,0,0
6922,0,0,0,0
6923,0,0,0,0
6924,0,0,0,0
6925,0,0,0,0
6926,0,0,0,0
6927,0,0,0,0
6928,0,0,0,0
6929,0,0,0,0
6930,0,0,0,0
6931,0,0,0,0
6932,0,0,0,0
6933,0,0,0,0
6934,0,1,1,0
6935,0,0,0,0
6936,0,0,0,0
6938,0,0,0,0
6939,0,0,0,0
6940,1,1,0,0
6941,0,0,0,0
6942,0,0,0,0
6943,0,0,0,0
6944,0,0,0,0
6945,0,0,0,0
6946,0,0,0,0
6947,0,0,0,0
6948,0,0,0,0
6949,0,0,0,0
6950,0,0,0,0
6951,0,0,0,0
6952,0,0,0,0
6953,0,0,0,0
6954,0,0,0,0
6955,1,0,0,0
6956,0,1,0,0
6957,0,0,0,0
6958,0,0,0,0
6959,0,0,0,0
6960,0,0,0,0
6961,0,0,0,0
6962,1,1,0,1
6964,0,0,1,0
6965,0,0,0,0
6966,0,0,0,0
6967,0,0,0,0
6968,0,0,0,0
6969,0,0,0,0
6970,0,0,0,0
6971,0,0,0,0
6972,1,0,0,0
6973,0,0,0,0
6974,0,0,0,0
6975,0,0,0,0
6976,0,0,0,0
6977,0,0,0,0
6978,0,0,0,0
6979,0,0,0,0
6980,0,0,0,0
6981,0,0,0,0
6982,0,0,0,0
6983,0,0,0,0
6984,0,1,0,0
6985,0,0,0,0
6986,0,0,0,0
6987,0,0,0,0
6989,0,1,0,0
6990,0,0,0,0
6991,0,0,0,0
6992,1,0,0,1
6993,0,0,0,0
6994,0,0,0,0
6995,0,0,0,0
6996,0,0,0,0
6997,0,0,0,0
6998,0,0,0,0
7000,0,0,0,0
7004,0,0,0,0
7005,0,0,0,0
7009,0,0,0,0
7010,1,0,0,0
7011,0,0,0,0
7014,0,0,0,0
7015,0,1,0,0
7016,0,0,0,0
7017,0,0,0,0
7019,0,0,0,0
7020,0,0,0,0
7021,0,0,0,0
7022,0,0,0,0
7024,0,0,0,0
7025,0,0,0,0
7026,0,0,0,0
7030,0,0,0,0
7031,0,0,0,0
7032,0,0,0,0
7033,0,0,0,0
7034,0,0,0,0
7035,0,0,0,0
7038,0,0,0,0
7039,0,0,0,0
7045,0,0,0,0
7049,1,1,0,0
7050,0,0,0,0
7051,0,0,0,0
7052,0,0,0,0
7053,0,0,0,0
7054,0,0,0,0
7055,0,0,0,0
7056,0,0,0,0
7057,0,0,0,0
7058,0,0,0,0
7059,0,0,0,0
7060,0,0,0,0
7061,0,0,0,0
7062,0,0,0,0
7063,0,0,0,0
7064,1,0,0,0
7065,0,0,0,0
7066,0,0,0,0
7067,0,0,0,0
7068,0,0,0,0
7069,0,0,0,0
7070,0,0,0,0
7071,0,0,0,0
7072,0,0,0,0
7073,0,0,0,0
7076,0,0,0,0
7077,0,0,0,0
7078,0,0,0,0
7079,0,0,0,0
7080,0,0,0,0
7081,0,0,0,0
7082,0,0,0,0
7083,0,0,0,0
7084,0,0,0,0
7085,0,0,0,0
7086,0,0,0,0
7088,0,0,0,0
7089,0,0,0,0
7090,0,0,0,0
7091,0,0,0,0
7092,1,1,0,0
7093,0,0,0,0
7094,0,0,0,0
7095,0,0,0,0
7096,0,0,0,0
7097,0,0,0,0
7098,0,0,0,0
7099,0,0,0,0
7100,0,0,0,0
7101,0,0,0,0
7102,0,0,0,0
7103,0,0,0,0
7104,0,0,0,0
7105,0,0,0,0
7106,0,0,0,0
7107,0,0,0,0
7108,0,0,0,0
7109,0,0,0,0
7110,0,0,0,0
7111,0,0,0,0
7112,0,0,0,0
7113,0,0,0,0
7114,0,0,0,0
7115,0,0,0,0
7117,0,0,0,0
7118,0,0,0,0
7119,0,0,0,0
7120,0,0,0,0
7121,0,0,0,0
7122,0,0,0,0
7123,1,1,0,0
7124,0,1,0,0
7125,0,0,0,0
7126,0,0,0,0
7127,0,0,0,0
7128,0,0,0,0
7129,0,0,0,0
7130,0,0,0,0
7131,0,0,0,0
7132,0,0,0,0
7133,0,0,1,0
7134,0,0,0,0
7135,0,0,0,0
7136,0,0,0,0
7137,0,0,0,0
7138,0,0,0,0
7139,0,0,0,0
7140,0,0,0,0
7141,1,1,0,0
7142,0,0,0,0
7143,0,0,0,0
7144,0,0,0,0
7145,0,0,0,0
7146,0,0,0,0
7147,0,0,0,0
7148,0,0,0,0
7149,0,0,0,0
7150,0,0,0,0
7151,0,0,0,0
7152,0,0,0,0
7153,0,0,0,0
7154,1,0,0,0
7155,0,0,0,0
7156,0,0,0,0
7157,0,0,1,0
7158,0,0,0,0
7159,0,0,0,0
7160,0,0,0,0
7161,0,0,0,0
7162,0,0,0,0
7163,0,0,0,0
7164,0,0,0,0
7165,0,0,0,0
7166,0,1,0,0
7167,0,0,0,0
7168,0,0,0,0
7169,0,0,0,0
7170,0,0,0,0
7171,0,1,0,0
7172,0,0,0,0
7173,0,0,0,0
7174,0,0,0,0
7175,0,1,0,0
7176,0,0,0,0
7177,0,0,0,0
7178,0,0,0,0
7179,0,0,0,0
7180,0,0,0,0
7181,0,0,0,0
7182,0,0,0,0
7183,0,0,0,0
7184,0,0,0,0
7185,0,0,0,0
7186,0,0,0,0
7187,0,0,0,0
7188,0,0,0,0
7189,0,0,0,0
7190,0,0,0,0
7191,0,0,0,0
7192,0,0,0,0
7193,0,0,0,0
7194,0,0,0,0
7195,0,0,0,0
7196,0,0,0,0
7197,0,0,0,0
7198,1,0,0,0
7199,0,0,0,0
7200,0,0,0,0
7201,0,0,0,0
7202,0,0,0,0
7203,0,1,0,0
7204,0,0,0,0
7205,0,0,0,0
7206,1,1,0,1
7207,0,0,0,0
7208,0,0,0,0
7209,0,0,0,0
7210,0,0,0,0
7211,0,0,0,0
7212,0,0,0,0
7213,0,0,0,0
7214,0,0,0,0
7215,1,0,0,0
7216,0,0,0,0
7217,0,0,0,0
7218,0,0,0,0
7219,0,1,0,0
7220,1,0,0,0
7221,0,0,0,0
7222,0,0,0,0
7223,0,0,0,0
7224,0,0,0,0
7225,0,0,0,0
7226,0,0,0,0
7227,0,0,0,0
7228,0,0,0,0
7229,0,0,0,0
7230,1,0,0,0
7231,0,0,0,0
7232,0,0,0,0
7233,0,0,0,0
7235,0,0,0,0
7236,0,0,0,0
7237,0,0,0,0
7238,0,0,0,0
7239,0,0,0,0
7240,0,0,0,0
7241,0,0,0,0
7242,0,0,0,0
7243,0,0,0,0
7244,0,0,0,0
7245,0,0,0,0
7246,1,0,0,0
7247,0,0,0,0
7248,0,0,0,0
7249,0,0,0,0
7250,0,0,0,0
7251,0,0,0,0
7252,0,0,0,0
7253,0,0,0,0
7254,0,0,0,0
7255,0,0,0,0
7256,0,0,0,0
7257,0,0,0,0
7258,0,0,0,0
7259,0,0,1,0
7260,0,0,0,0
7261,0,0,0,0
7262,0,0,0,0
7263,0,0,0,0
7264,0,0,0,0
7265,0,0,0,0
7266,0,0,0,0
7267,0,0,0,0
7268,0,0,0,0
7269,0,0,0,0
7270,0,0,0,0
7271,0,0,0,0
7272,0,0,0,0
7273,0,0,0,0
7274,0,0,0,0
7275,0,0,0,0
7276,1,0,0,1
7277,1,1,0,0
7278,0,0,0,0
7279,0,0,0,0
7280,0,0,0,0
7281,0,0,0,0
7282,0,0,0,0
7283,0,0,0,0
7284,0,0,0,0
7285,0,0,0,0
7286,0,0,0,0
7287,1,1,0,0
7288,0,0,0,0
7289,0,0,0,0
7290,0,0,0,0
7291,0,0,0,0
7292,0,0,0,0
7293,0,0,0,0
7294,0,0,0,0
7295,0,0,0,0
7296,0,0,0,0
7297,0,0,0,0
7298,0,0,0,0
7299,1,1,0,0
7300,0,0,0,0
7301,0,0,0,0
7302,0,0,0,0
7303,0,0,0,0
7304,0,0,0,0
7305,0,0,0,0
7306,0,0,0,0
7307,0,0,0,0
7308,0,0,0,0
7309,0,0,0,0
7310,0,0,0,0
7311,0,0,0,0
7312,0,0,0,0
7313,0,0,0,0
7314,0,0,0,0
7315,0,0,0,0
7316,0,0,0,0
7317,0,0,0,0
7318,1,0,0,0
7319,1,0,0,0
7320,0,0,1,0
7321,0,0,0,0
7322,0,0,0,0
7323,0,0,0,0
7324,0,0,0,0
7325,0,0,0,0
7326,0,0,0,0
7327,0,0,0,0
7328,0,0,0,0
7329,1,0,0,0
7330,1,0,0,0
7331,0,0,0,0
7332,0,0,0,0
7333,0,0,0,0
7334,1,0,0,0
7335,0,0,0,0
7336,0,0,0,0
7337,0,0,0,0
7338,0,0,0,0
7339,1,0,0,0
7340,1,0,0,0
7341,0,0,0,0
7342,0,0,0,0
7343,0,0,0,0
7344,0,0,0,0
7345,0,0,0,0
7346,0,0,0,0
7347,0,0,0,0
7349,0,0,0,0
7350,0,0,0,0
7351,0,0,0,0
7352,0,0,0,0
7353,0,0,0,0
7354,0,0,0,0
7355,0,0,0,0
7356,0,0,0,0
7357,0,0,0,0
7358,0,0,0,0
7359,0,0,0,0
7360,0,0,0,0
7361,1,0,0,0
7362,0,0,0,0
7363,0,0,0,0
7364,0,0,0,0
7365,0,0,0,0
7366,0,0,0,0
7367,0,0,0,0
7368,0,0,0,0
7369,0,0,0,0
7370,0,0,0,0
7371,0,0,0,0
7372,0,0,0,0
7373,0,0,0,0
7374,0,0,0,0
7375,0,0,0,0
7376,0,0,0,0
7377,0,0,0,0
7378,0,0,0,0
7379,0,0,0,0
7380,0,0,0,0
7381,0,0,0,0
7382,0,0,0,0
7383,0,0,0,0
7384,0,0,0,0
7385,0,0,0,0
7386,0,1,1,0
7387,0,0,0,0
7388,0,0,0,0
7389,0,0,0,0
7390,0,0,0,0
7391,0,0,0,0
7392,0,0,0,0
7393,0,0,0,0
7394,0,0,0,0
7395,0,0,0,0
7396,0,0,0,0
7397,1,1,0,0
7398,0,0,0,0
7399,0,0,0,0
7400,0,0,0,0
7401,1,1,0,0
7402,0,0,0,0
7403,0,0,0,0
7404,0,0,0,0
7405,0,0,0,0
7406,0,0,0,0
7407,0,0,0,0
7408,0,0,0,0
7409,1,0,0,0
7410,0,0,0,0
7411,0,0,0,0
7412,0,0,0,0
7413,1,0,0,0
7414,0,0,0,0
7415,0,0,0,0
7416,0,0,0,0
7417,1,0,0,0
7418,1,1,0,0
7419,0,0,0,0
7420,0,0,0,0
7421,0,0,0,0
7422,0,0,0,0
7423,0,0,0,0
7424,0,0,0,0
7425,0,0,0,0
7426,0,0,0,0
7427,0,0,0,0
7428,0,0,0,0
7429,0,0,0,0
7430,0,0,0,0
7431,0,0,0,0
7432,0,0,0,0
7433,0,0,0,0
7434,0,0,0,0
7435,0,0,0,0
7436,0,0,0,0
7437,0,0,0,0
7438,0,0,0,0
7439,0,0,0,0
7440,0,0,0,0
7441,1,0,0,0
7442,0,0,0,0
7443,0,0,0,0
7444,0,1,0,0
7445,0,0,0,0
7446,0,0,0,0
7447,0,0,0,0
7448,0,0,0,0
7449,1,0,0,1
7450,1,0,0,1
7451,0,0,0,0
7452,1,1,0,0
7453,0,0,0,0
7454,0,0,0,0
7455,0,0,0,0
7456,0,0,0,0
7457,0,1,0,0
7458,0,0,0,0
7459,0,0,0,0
7460,0,0,0,0
7461,0,0,0,0
7462,0,0,0,0
7463,0,0,0,0
7464,0,0,0,0
7465,0,0,0,0
7466,0,0,0,0
7467,0,0,0,0
7468,0,1,0,0
7469,0,0,0,0
7470,0,1,0,0
7471,0,0,0,0
7472,0,0,0,0
7473,0,0,0,0
7474,0,0,0,0
7475,0,0,0,0
7476,0,0,0,0
7477,0,0,0,0
7478,0,0,0,0
7479,0,0,0,0
7480,0,0,0,0
7481,0,0,0,0
7482,0,0,0,0
7483,0,0,0,0
7484,0,0,0,0
7485,0,0,0,0
7486,0,0,0,0
7487,0,0,0,0
7488,0,0,0,0
7489,0,0,0,0
7490,0,0,0,0
7491,0,0,0,0
7492,0,0,0,0
7493,0,0,0,0
7494,0,0,0,0
7495,0,0,0,0
7496,0,0,0,0
7497,0,0,0,0
7498,0,0,0,0
7499,0,0,0,0
7500,0,0,0,0
7501,0,0,0,0
7502,0,0,0,0
7503,0,0,0,0
7504,0,0,0,0
7505,0,0,0,0
7506,0,0,0,0
7507,0,0,0,0
7508,0,0,0,0
7509,0,0,0,0
7510,0,0,0,0
7511,0,0,0,0
7512,0,0,0,0
7513,0,0,0,0
7514,0,0,0,0
7515,0,0,0,0
7516,0,0,0,0
7517,0,0,0,0
7518,0,0,0,0
7519,0,0,0,0
7520,0,0,0,0
7521,0,0,0,0
7522,0,0,0,0
7523,0,0,0,0
7524,0,0,0,0
7525,0,0,0,0
7526,1,0,0,0
7527,1,1,0,0
7528,0,0,1,0
7529,0,0,0,0
7530,0,0,0,0
7531,0,0,0,0
7532,0,0,0,0
7533,0,0,0,0
7534,0,0,0,0
7535,0,0,0,0
7536,0,1,0,0
7537,0,0,0,0
7538,0,0,0,0
7539,0,0,0,0
7540,1,0,0,0
7541,0,0,0,0
7542,0,0,0,0
7543,0,0,0,0
7544,0,0,0,0
7545,0,0,0,0
7546,0,0,0,0
7547,1,0,0,0
7548,0,0,0,0
7549,0,0,0,0
7550,0,0,0,0
7551,0,0,0,0
7552,0,0,0,0
7553,0,0,0,0
7554,0,0,0,0
7555,0,0,0,0
7556,0,0,0,0
7557,0,0,0,0
7558,0,0,0,0
7559,0,0,0,0
7560,0,0,0,0
7561,0,0,1,0
7562,0,0,0,0
7563,0,0,0,0
7564,0,0,0,0
7565,0,0,0,0
7566,0,0,0,0
7567,1,0,0,0
7568,0,0,0,0
7569,0,0,0,0
7570,0,0,0,0
7571,0,0,0,0
7572,0,0,0,0
7573,0,0,0,0
7574,0,0,0,0
7575,0,0,0,0
7577,0,0,0,0
7578,0,0,0,0
7579,0,0,0,0
7580,1,0,0,0
7581,0,0,0,0
7582,0,0,0,0
7583,0,0,0,0
7584,0,0,0,0
7585,0,0,0,0
7586,1,0,0,0
7587,0,0,0,0
7588,0,0,0,0
7589,0,0,0,0
7590,0,0,0,0
7591,0,0,0,0
7592,0,0,0,0
7593,0,0,0,0
7594,0,0,0,0
7595,0,0,0,0
7596,0,0,0,0
7597,0,0,0,0
7598,0,0,0,0
7599,0,1,0,0
7600,0,0,0,0
7601,0,0,0,0
7602,0,0,0,0
7603,0,0,0,0
7604,0,0,0,0
7605,0,0,0,0
7606,0,0,0,0
7607,0,0,0,0
7608,0,0,0,0
7609,0,0,0,0
7610,0,0,0,0
7611,0,0,0,0
7612,0,0,0,0
7613,0,0,0,0
7614,0,0,0,0
7615,0,0,0,0
7616,0,0,0,0
7617,0,0,0,0
7618,0,0,0,0
7619,0,1,0,0
7620,0,0,0,0
7621,1,1,0,0
7622,0,0,0,0
7623,0,0,0,0
7624,0,0,0,0
7625,0,0,0,0
7626,0,0,0,0
7627,0,0,0,0
7628,0,0,0,0
7629,0,0,0,0
7630,0,0,0,0
7632,0,0,0,0
7633,0,0,0,0
7634,0,0,0,0
7635,0,0,0,0
7636,0,0,0,0
7637,0,0,0,0
7638,0,0,0,0
7639,0,0,0,0
7640,0,0,0,0
7641,0,0,1,0
7642,0,0,0,0
7643,0,0,0,0
7644,0,0,0,0
7645,0,0,0,0
7646,0,0,0,0
7647,0,0,0,0
7649,0,0,0,0
7650,0,0,0,0
7651,0,0,0,0
7652,0,0,0,0
7653,0,0,0,0
7654,0,0,0,0
7655,0,0,1,0
7656,0,0,0,0
7657,0,0,0,0
7658,0,0,0,0
7659,0,0,0,0
7660,0,0,0,0
7661,0,0,0,0
7662,0,0,0,0
7663,0,0,0,0
7664,0,0,0,0
7665,0,0,0,0
7666,0,0,0,0
7667,0,0,0,0
7668,0,0,0,0
7669,0,0,0,0
7670,0,0,0,0
7671,0,0,0,0
7672,0,1,0,0
7673,0,0,0,0
7674,0,0,0,0
7675,0,0,0,0
7676,0,1,0,0
7677,1,0,0,0
7678,0,0,0,0
7679,0,0,0,0
7680,0,0,0,0
7681,0,0,0,0
7682,0,0,0,0
7683,0,0,0,0
7684,1,0,0,0
7685,0,0,0,0
7686,0,0,0,0
7687,0,0,0,0
7688,0,0,0,0
7689,0,0,0,0
7690,1,0,0,1
7691,0,0,0,0
7692,0,0,0,0
7693,0,0,0,0
7694,0,0,0,0
7695,0,0,0,0
7696,0,0,0,0
7697,0,0,0,0
7698,0,0,0,0
7699,0,0,0,0
7700,0,0,0,0
7701,0,0,0,0
7702,0,0,0,0
7703,0,0,0,0
7704,0,0,0,0
7705,0,0,0,0
7706,0,0,0,0
7708,0,0,0,0
7709,0,0,0,0
7710,0,0,0,0
7711,0,0,0,0
7712,0,0,0,0
7713,0,0,0,0
7714,0,0,0,0
7715,0,0,0,0
7716,0,0,0,0
7717,0,0,0,0
7718,0,0,0,0
7719,0,0,0,0
7720,0,0,0,0
7721,0,0,0,0
7722,0,0,0,0
7723,0,0,0,0
7724,0,0,0,0
7725,0,0,0,0
7726,0,0,0,0
7727,0,1,0,0
7728,0,0,0,0
7729,0,0,0,0
7730,0,0,0,0
7731,0,0,0,0
7732,0,0,0,0
7733,0,0,0,0
7734,0,0,0,0
7735,0,0,0,0
7736,1,0,0,1
7738,0,0,0,0
7739,0,0,0,0
7740,0,0,0,0
7741,0,0,0,0
7742,0,0,0,0
7743,0,0,0,0
7744,0,0,0,0
7745,0,0,0,0
7746,0,0,0,0
7747,0,0,0,0
7748,0,0,0,0
7749,0,0,0,0
7750,0,0,0,0
7751,0,0,0,0
7752,0,0,0,0
7753,0,0,0,0
7754,0,0,0,0
7755,0,0,0,0
7756,0,0,0,0
7757,0,0,0,0
7758,0,0,0,0
7759,0,0,0,0
7760,0,0,0,0
7761,0,0,0,0
7762,0,0,0,0
7763,0,0,0,0
7764,0,0,0,0
7765,1,0,0,0
7766,0,0,0,0
7767,0,0,0,0
7768,0,0,0,0
7769,0,0,0,0
7770,0,0,0,0
7771,0,0,0,0
7772,0,0,0,0
7773,1,0,0,1
7774,0,0,0,0
7775,0,0,0,0
7776,0,0,0,0
7777,1,0,0,0
7778,0,0,0,0
7779,0,0,0,0
7780,1,0,0,0
7781,0,0,0,0
7782,0,0,0,0
7783,0,0,0,0
7784,0,0,0,0
7785,0,0,0,0
7787,0,0,0,0
7788,0,0,0,0
7789,0,0,0,0
7790,0,0,0,0
7791,0,0,0,0
7792,0,0,0,0
7793,0,0,0,0
7794,0,0,0,0
7795,0,0,0,0
7796,0,0,0,0
7797,1,0,0,0
7798,0,0,0,0
7799,0,0,0,0
7800,0,0,0,0
7801,0,0,0,0
7802,0,0,0,0
7803,0,0,0,0
7804,0,0,0,0
7805,0,0,0,0
7806,0,0,0,0
7807,0,0,0,0
7808,0,0,0,0
7809,0,0,0,0
7810,0,0,0,0
7811,0,0,0,0
7812,0,0,0,0
7813,0,0,0,0
7814,0,0,0,0
7815,0,0,0,0
7816,0,0,0,0
7817,0,0,0,0
7818,0,0,0,0
7819,0,0,0,0
7820,0,0,0,0
7821,0,0,0,0
7822,0,0,0,0
7823,0,0,0,0
7824,0,0,0,0
7825,1,0,0,0
7826,0,0,0,0
7827,0,0,0,0
7828,0,0,0,0
7829,0,0,0,0
7830,0,0,0,0
7831,0,0,0,0
7832,0,0,0,0
7833,0,0,0,0
7834,0,0,0,0
7835,1,0,0,0
7836,0,0,0,0
7837,0,0,0,0
7838,0,0,0,0
7839,1,0,0,0
7840,1,0,0,0
7841,0,0,0,0
7842,0,0,0,0
7843,0,0,0,0
7844,0,0,0,0
7845,0,0,0,0
7846,0,0,0,0
7847,0,0,0,0
7848,1,0,0,1
7849,0,0,0,0
7850,0,0,0,0
7851,0,0,0,0
7852,0,0,0,0
7853,0,0,0,0
7854,0,0,0,0
7855,0,0,0,0
7856,1,1,0,0
7857,0,0,0,0
7858,0,0,0,0
7859,0,0,0,0
7860,1,0,0,0
7861,0,0,0,0
7862,0,0,0,0
7863,0,0,0,0
7864,1,0,0,0
7865,0,0,0,0
7866,0,0,0,0
7867,1,1,0,0
7868,0,0,0,0
7869,0,0,0,0
7870,0,0,0,0
7871,0,0,0,0
7872,0,0,0,0
7873,0,0,0,0
7874,0,0,0,0
7875,0,0,0,0
7876,0,0,0,0
7877,0,0,0,0
7878,0,0,0,0
7879,0,0,0,0
7880,0,0,0,0
7881,0,0,0,0
7882,0,0,0,0
7883,0,0,0,0
7884,1,0,0,1
7885,0,0,0,0
7886,0,0,0,0
7887,0,0,0,0
7888,0,0,0,0
7889,0,0,0,0
7890,0,0,0,0
7891,0,0,0,0
7892,0,0,0,0
7893,0,1,0,0
7895,0,0,0,0
7896,0,0,0,0
7897,0,0,0,0
7898,0,0,0,0
7899,0,0,0,0
7900,0,0,0,0
7901,0,0,0,0
7902,0,0,0,0
7903,0,0,0,0
7904,1,1,0,0
7905,0,0,0,0
7906,0,0,0,0
7907,0,0,0,0
7908,0,0,0,0
7909,0,0,0,0
7910,0,0,0,0
7911,0,0,0,0
7912,1,0,0,0
7913,0,0,0,0
7914,0,0,0,0
7915,0,0,0,0
7916,0,0,0,0
7917,0,0,0,0
7918,0,0,0,0
7919,0,0,0,0
7920,0,0,0,0
7921,0,0,0,0
7922,1,0,0,0
7924,0,0,0,0
7925,0,0,0,0
7927,1,1,1,0
7928,0,0,0,0
7929,0,0,0,0
7930,0,1,0,0
7931,0,0,0,0
7932,0,0,0,0
7933,0,0,0,0
7934,0,0,0,0
7935,0,0,0,0
7936,0,0,0,0
7937,0,0,0,0
7938,0,0,0,0
7939,0,0,0,0
7940,0,0,0,0
7941,0,0,0,0
7942,0,0,0,0
7943,0,0,0,0
7944,0,0,0,0
7945,0,0,0,0
7946,0,0,0,0
7947,0,0,0,0
7948,0,0,0,0
7949,0,0,0,0
7950,0,0,0,0
7951,0,0,0,0
7952,1,0,0,0
7953,1,0,0,0
7954,0,0,0,0
7955,0,0,0,0
7956,0,0,0,0
7957,0,0,0,0
7958,0,0,0,0
7959,0,0,0,0
7960,0,0,0,0
7961,0,0,0,0
7962,0,0,0,0
7963,0,0,0,0
7964,1,0,0,0
7965,0,0,0,0
7966,0,0,0,0
7967,0,0,1,0
7968,0,0,0,0
7969,0,0,0,0
7970,0,0,0,0
7971,0,0,0,0
7972,0,0,0,0
7973,0,0,0,0
7974,1,0,0,0
7975,0,0,0,0
7976,0,0,0,0
7977,0,0,0,0
7978,0,0,0,0
7979,0,0,0,0
7980,0,0,0,0
7981,0,0,0,0
7982,0,0,0,0
7983,1,1,0,0
7984,0,0,0,0
7985,0,0,0,0
7986,0,0,0,0
7987,0,0,0,0
7988,0,0,0,0
7989,0,0,0,0
7990,0,0,0,0
7991,0,0,0,0
7992,0,0,0,0
7993,0,0,0,0
7994,0,0,0,0
7995,0,0,0,0
7996,0,0,0,0
7997,0,0,0,0
7998,0,0,0,0
7999,0,0,0,0
8000,0,0,0,0
8001,0,0,0,0
8002,0,0,0,0
8003,0,0,0,0
8004,0,0,0,0
8006,0,0,0,0
8007,0,0,0,0
8008,0,0,0,0
8009,0,0,0,0
8010,0,0,0,0
8011,0,0,0,0
8012,0,0,0,0
8013,0,0,0,0
8014,0,0,0,0
8015,0,0,0,0
8016,0,0,0,0
8017,0,0,0,0
8018,0,0,0,0
8019,1,1,0,0
8020,0,0,0,0
8021,0,0,0,0
8022,0,0,0,0
8023,0,0,0,0
8024,0,0,0,0
8026,1,0,0,1
8027,0,0,0,0
8028,0,0,0,0
8029,0,0,0,0
8030,1,0,0,0
8031,0,0,0,0
8032,1,1,0,0
8033,0,0,0,0
8034,0,0,0,0
8035,0,0,0,0
8036,0,0,1,0
8037,0,0,0,0
8038,0,0,0,0
8039,0,0,0,0
8040,0,0,0,0
8041,0,0,0,0
8042,0,0,0,0
8043,0,0,0,0
8044,0,0,0,0
8045,0,0,0,0
8046,0,0,0,0
8047,0,0,0,0
8048,0,0,0,0
8049,0,0,0,0
8050,0,0,0,0
8051,0,0,0,0
8052,0,0,0,0
8053,0,0,0,0
8054,0,0,0,0
8055,0,0,0,0
8056,1,0,1,0
8057,0,0,0,0
8058,0,0,0,0
8059,0,0,0,0
8060,0,0,0,0
8061,0,0,0,0
8062,0,0,0,0
8063,0,0,0,0
8064,0,0,0,0
8065,0,0,0,0
8066,0,0,0,0
8067,0,0,0,0
8068,0,0,0,0
8069,0,0,0,0
8070,0,0,0,0
8071,0,0,0,0
8072,0,0,0,0
8073,0,0,0,0
8074,0,0,0,0
8075,0,0,0,0
8076,0,0,0,0
8077,0,0,0,0
8078,0,0,0,0
8079,0,0,0,0
8080,0,0,0,0
8081,1,1,0,0
8082,0,0,0,0
8083,0,0,0,0
8084,0,0,0,0
8085,0,0,0,0
8086,0,0,0,0
8087,0,0,0,0
8088,0,0,0,0
8089,0,0,0,0
8090,0,0,0,0
8091,0,0,0,0
8092,0,0,0,0
8093,0,0,0,0
8094,0,0,0,0
8095,0,0,0,0
8096,0,0,0,0
8097,0,0,0,0
8098,0,0,0,0
8099,0,0,0,0
8100,0,0,0,0
8101,0,0,0,0
8102,0,0,0,0
8103,0,0,0,0
8104,0,0,0,0
8105,0,0,0,0
8106,0,0,0,0
8107,0,0,0,0
8108,0,0,0,0
8109,0,0,0,0
8110,0,0,0,0
8111,0,0,0,0
8112,0,0,0,0
8113,0,0,0,0
8114,1,0,0,1
8115,0,0,0,0
8116,0,0,0,0
8117,0,0,0,0
8118,0,0,0,0
8119,0,0,0,0
8120,0,0,0,0
8123,0,0,0,0
8124,0,0,0,0
8125,0,0,0,0
8126,0,0,0,0
8127,0,0,0,0
8128,0,0,0,0
8129,0,0,0,0
8130,0,0,0,0
8131,0,0,0,0
8132,0,0,0,0
8133,0,0,0,0
8134,0,0,0,0
8135,0,0,0,0
8136,0,0,0,0
8137,0,0,0,0
8138,0,0,0,0
8140,1,0,0,0
8141,0,0,0,0
8142,0,0,0,0
8143,0,0,0,0
8144,0,0,0,0
8145,0,0,0,0
8146,0,0,0,0
8147,0,0,0,0
8148,0,0,0,0
8149,0,0,0,0
8150,0,0,0,0
8151,0,0,0,0
8152,0,0,0,0
8153,0,0,0,0
8154,0,0,0,0
8156,0,0,1,0
8157,0,0,0,0
8158,0,0,0,0
8159,0,0,0,0
8160,0,0,0,0
8161,0,0,0,0
8162,0,0,0,0
8163,0,0,0,0
8164,0,0,0,0
8165,0,0,0,0
8166,0,0,0,0
8167,0,0,0,0
8168,0,0,0,0
8169,0,0,0,0
8170,0,0,0,0
8171,0,0,0,0
8172,0,0,0,0
8173,0,0,0,0
8174,0,0,0,0
8175,0,0,0,0
8176,0,0,0,0
8177,0,0,0,0
8178,0,0,0,0
8179,0,0,0,0
8180,0,0,0,0
8181,0,0,0,0
8182,0,0,0,0
8183,0,0,0,0
8184,0,0,0,0
8185,0,0,0,0
8186,0,0,0,0
8187,0,0,0,0
8188,0,0,0,0
8189,0,0,0,0
8190,0,0,0,0
8191,0,0,0,0
8192,0,0,0,0
8193,0,0,0,0
8194,0,0,0,0
8195,0,0,0,0
8196,0,0,0,0
8197,0,0,0,0
8198,0,0,0,0
8199,0,0,0,0
8200,1,0,0,1
8201,0,0,0,0
8202,0,0,0,0
8203,0,0,0,0
8204,0,0,0,0
8205,0,0,0,0
8206,0,0,0,0
8207,1,0,0,0
8208,0,0,0,0
8209,0,0,0,0
8210,1,1,0,0
8211,0,0,0,0
8212,0,0,0,0
8213,0,0,0,0
8214,0,0,0,0
8215,0,0,0,0
8216,0,0,0,0
8217,0,0,0,0
8218,0,0,0,0
8219,1,1,0,0
8220,0,0,0,0
8221,0,0,0,0
8222,0,0,0,0
8223,0,0,0,0
8224,0,0,0,0
8225,0,0,0,0
8226,0,0,0,0
8227,0,0,0,0
8228,0,0,0,0
8229,0,0,0,0
8230,0,0,0,0
8231,0,0,0,0
8232,0,0,0,0
8233,0,0,0,0
8234,0,0,0,0
8235,0,0,0,0
8236,0,0,0,0
8237,0,0,0,0
8238,0,0,0,0
8239,0,0,0,0
8240,0,0,0,0
8241,0,0,0,0
8242,0,0,0,0
8243,0,0,0,0
8244,0,0,0,0
8245,0,0,0,0
8246,0,0,0,0
8247,0,0,0,0
8248,0,0,0,0
8249,0,0,0,0
8250,0,0,0,0
8251,0,0,0,0
8252,0,0,0,0
8253,0,0,0,0
8254,0,0,0,0
8255,1,0,0,0
8256,0,0,0,0
8257,0,0,0,0
8258,0,0,1,0
8259,0,0,0,0
8260,0,0,0,0
8261,0,0,0,0
8262,0,0,0,0
8263,0,0,0,0
8264,0,0,0,0
8265,0,0,0,0
8266,0,0,0,0
8267,0,0,0,0
8268,0,0,0,0
8269,0,0,0,0
8270,0,0,0,0
8271,0,0,0,0
8272,0,0,0,0
8273,0,0,0,0
8274,0,0,0,0
8275,0,0,0,0
8276,0,0,0,0
8277,0,0,0,0
8278,0,0,0,0
8279,0,0,0,0
8280,0,0,0,0
8281,0,0,0,0
8282,0,0,0,0
8283,0,0,0,0
8284,0,0,0,0
8285,0,0,0,0
8286,0,0,0,0
8287,0,0,0,0
8288,0,0,0,0
8289,0,0,0,0
8290,0,0,0,0
8291,0,0,0,0
8292,0,0,0,0
8293,0,0,0,0
8294,0,0,0,0
8295,0,0,0,0
8296,0,0,0,0
8297,1,0,0,0
8298,0,0,0,0
8299,0,0,0,0
8300,0,0,0,0
8301,0,0,0,0
8302,1,0,0,0
8303,1,0,0,0
8304,0,0,0,0
8305,0,0,0,0
8306,0,0,0,0
8307,0,0,0,0
8308,0,0,0,0
8309,0,0,0,0
8310,0,0,0,0
8311,0,0,0,0
8312,0,0,0,0
8313,0,0,0,0
8314,0,0,0,0
8315,0,0,0,0
8316,0,0,0,0
8317,0,0,0,0
8318,0,0,0,0
8319,0,0,0,0
8320,0,0,0,0
8321,0,0,0,0
8322,0,0,0,0
8323,0,0,0,0
8324,0,0,0,0
8325,0,0,0,0
8326,0,0,0,0
8327,0,0,0,0
8328,0,0,0,0
8329,0,0,0,0
8330,0,0,0,0
8331,0,0,0,0
8332,0,0,0,0
8333,0,0,0,0
8334,0,0,0,0
8335,0,0,0,0
8336,0,0,0,0
8337,0,0,0,0
8338,0,0,0,0
8339,0,0,0,0
8340,0,0,0,0
8341,0,0,0,0
8342,1,0,0,0
8343,0,0,0,0
8344,0,0,0,0
8345,0,0,0,0
8346,0,0,0,0
8347,0,0,0,0
8348,0,0,0,0
8349,0,0,0,0
8350,0,0,0,0
8351,0,0,0,0
8352,0,0,0,0
8353,0,0,0,0
8354,0,0,0,0
8355,0,0,0,0
8356,0,0,0,0
8357,0,0,0,0
8358,0,0,0,0
8359,0,0,0,0
8360,0,0,1,0
8361,1,1,0,0
8362,0,0,0,0
8363,0,0,0,0
8364,0,0,0,0
8365,0,0,0,0
8366,0,0,0,0
8367,0,0,0,0
8369,0,0,0,0
8370,0,0,0,0
8371,0,0,0,0
8372,0,0,0,0
8373,0,0,0,0
8374,0,0,0,0
8375,0,0,0,0
8376,0,0,0,0
8377,0,0,0,0
8378,0,0,0,0
8379,0,0,0,0
8380,0,0,0,0
8381,1,0,0,0
8382,0,0,0,0
8383,0,0,0,0
8384,0,0,0,0
8385,0,0,0,0
8386,0,0,0,0
8387,0,0,0,0
8388,0,0,0,0
8389,0,0,0,0
8390,1,0,0,0
8391,0,0,0,0
8392,0,0,0,0
8393,0,0,0,0
8394,0,0,0,0
8395,0,0,0,0
8396,0,0,0,0
8397,0,0,0,0
8399,0,0,0,0
8400,0,0,0,0
8401,0,0,0,0
8402,0,0,0,0
8403,0,0,0,0
8404,0,0,0,0
8405,0,0,0,0
8406,0,0,0,0
8407,0,0,0,0
8408,0,0,0,0
8409,0,0,0,0
8410,0,0,0,0
8411,0,0,0,0
8412,0,0,0,0
8413,0,0,0,0
8414,0,0,0,0
8415,0,0,0,0
8416,0,0,0,0
8417,0,0,0,0
8418,0,0,0,0
8419,0,0,0,0
8420,0,0,0,0
8421,1,0,0,0
8422,0,0,0,0
8423,0,0,0,0
8424,0,0,0,0
8425,0,0,0,0
8426,0,0,0,0
8427,0,0,0,0
8428,0,0,0,0
8429,0,0,0,0
8430,0,0,0,0
8431,0,0,0,0
8432,0,0,0,0
8433,0,0,0,0
8434,0,0,0,0
8435,0,0,0,0
8436,0,0,0,0
8437,0,0,0,0
8438,0,0,0,0
8439,0,0,0,0
8440,0,0,0,0
8441,0,0,0,0
8442,0,0,0,0
8443,0,0,0,0
8444,0,0,0,0
8445,0,0,0,0
8446,0,0,0,0
8447,0,0,0,0
8448,0,0,0,0
8449,0,0,0,0
8450,1,0,0,0
8451,0,0,0,0
8452,0,0,0,0
8453,0,0,0,0
8454,1,1,0,0
8455,0,0,0,0
8456,0,0,0,0
8457,0,0,0,0
8458,0,0,0,0
8459,0,0,0,0
8460,0,0,0,0
8461,0,0,0,0
8462,0,0,0,0
8463,1,1,0,0
8464,0,0,0,0
8465,0,0,0,0
8466,0,0,0,0
8467,0,0,0,0
8468,0,0,0,0
8469,0,0,0,0
8470,0,0,0,0
8471,0,0,0,0
8472,0,0,0,0
8473,0,0,0,0
8474,0,0,0,0
8475,0,0,0,0
8476,0,0,0,0
8477,0,0,0,0
8479,0,0,0,0
8480,0,0,0,0
8483,0,0,0,0
8484,0,0,0,0
8485,0,0,0,0
8486,0,0,0,0
8487,0,0,0,0
8488,0,0,0,0
8489,1,0,0,0
8490,0,0,0,0
8491,0,0,0,0
8492,0,0,0,0
8493,0,0,0,0
8494,0,0,0,0
8495,0,0,0,0
8496,0,0,0,0
8497,0,0,0,0
8498,0,0,0,0
8499,0,0,0,0
8500,0,0,0,0
8501,1,1,0,0
8502,0,0,0,0
8503,0,0,0,0
8504,0,0,0,0
8505,0,0,0,0
8507,0,0,0,0
8508,0,0,0,0
8509,0,0,0,0
8510,0,0,0,0
8511,0,0,0,0
8512,0,0,0,0
8513,0,0,0,0
8514,0,0,0,0
8515,0,0,0,0
8516,0,0,0,0
8517,0,0,0,0
8518,0,0,0,0
8519,0,0,0,0
8520,0,0,0,0
8521,0,0,0,0
8522,0,0,0,0
8523,0,0,0,0
8524,0,0,0,0
8525,0,0,0,0
8526,1,1,0,1
8527,0,0,0,0
8528,0,0,0,0
8529,0,0,0,0
8530,1,0,0,0
8531,0,0,0,0
8532,0,0,0,0
8533,0,0,0,0
8534,1,1,0,0
8535,0,0,0,0
8536,0,0,0,0
8537,0,0,0,0
8538,0,0,0,0
8539,0,0,0,0
8540,0,0,0,0
8541,0,0,0,0
8542,0,0,0,0
8543,1,0,0,0
8544,0,0,1,0
8545,0,0,0,0
8546,0,0,0,0
8547,0,0,0,0
8548,0,0,0,0
8549,0,0,0,0
8550,0,0,0,0
8551,0,0,0,0
8552,0,0,0,0
8553,0,0,0,0
8554,1,0,0,0
8555,1,0,0,1
8556,0,0,0,0
8557,0,0,0,0
8558,0,0,0,0
8559,0,0,0,0
8560,0,0,0,0
8561,1,0,0,0
8562,0,0,0,0
8563,0,0,0,0
8565,0,0,0,0
8566,1,0,0,0
8567,1,0,0,0
8568,0,0,0,0
8569,0,0,0,0
8570,0,0,0,0
8571,0,0,0,0
8572,0,0,0,0
8573,0,0,0,0
8574,0,0,0,0
8575,0,0,0,0
8576,0,0,0,0
8577,0,0,0,0
8578,0,0,0,0
8579,1,0,0,0
8580,0,0,0,0
8581,0,0,0,0
8583,0,0,0,0
8584,0,0,0,0
8585,0,0,0,0
8586,0,0,0,0
8587,0,0,0,0
8588,0,0,0,0
8589,0,0,0,0
8590,0,0,0,0
8591,0,0,0,0
8592,0,0,0,0
8593,0,0,0,0
8594,0,0,0,0
8595,0,0,0,0
8596,0,0,0,0
8597,0,0,0,0
8598,0,0,0,0
8599,0,0,0,0
8600,0,0,0,0
8601,0,0,0,0
8602,1,0,0,0
8603,0,0,0,0
8604,0,0,0,0
8605,0,0,0,0
8606,0,0,1,0
8607,1,1,0,0
8608,0,0,0,0
8609,0,0,0,0
8610,0,0,0,0
8611,0,0,0,0
8612,0,0,0,0
8613,0,0,0,0
8614,0,0,0,0
8615,0,0,0,0
8616,0,0,0,0
8617,0,0,0,0
8618,0,0,1,0
8619,0,0,0,0
8620,0,0,0,0
8621,0,0,0,0
8622,0,0,0,0
8623,0,0,0,0
8624,0,0,0,0
8625,0,0,0,0
8626,1,1,0,0
8627,0,0,0,0
8628,0,0,0,0
8629,0,0,0,0
8630,0,0,0,0
8631,0,0,0,0
8632,0,0,0,0
8633,0,0,0,0
8634,0,0,0,0
8635,0,0,0,0
8636,0,0,0,0
8637,1,1,0,0
8638,0,0,0,0
8639,0,0,0,0
8640,0,0,0,0
8641,1,1,0,0
8642,0,0,0,0
8643,0,0,0,0
8645,0,0,0,0
8646,0,0,0,0
8647,0,0,0,0
8648,0,0,0,0
8650,0,0,0,0
8651,0,0,0,0
8652,0,0,0,0
8653,0,0,0,0
8654,0,0,0,0
8655,0,0,0,0
8656,0,0,0,0
8657,0,0,0,0
8658,1,1,0,0
8659,1,0,0,0
8660,0,0,0,0
8661,0,0,0,0
8662,0,0,0,0
8663,0,0,0,0
8664,0,0,0,0
8665,0,0,0,0
8666,0,0,0,0
8667,0,0,0,0
8668,0,0,0,0
8669,0,0,0,0
8670,0,1,0,0
8671,0,0,0,0
8672,0,0,0,0
8673,0,0,0,0
8674,0,0,0,0
8675,0,0,0,0
8676,0,0,0,0
8677,0,0,0,0
8678,0,0,0,0
8680,0,0,0,0
8681,0,0,0,0
8682,0,0,0,0
8683,0,0,0,0
8684,1,0,0,0
8685,0,0,0,0
8686,0,0,0,0
8687,0,0,0,0
8688,0,0,0,0
8689,1,0,0,0
8690,0,1,0,0
8691,0,0,0,0
8692,0,0,0,0
8693,1,1,0,0
8694,1,0,0,0
8695,0,1,0,0
8696,0,0,0,0
8697,0,0,0,0
8698,0,0,0,0
8699,0,0,0,0
8700,0,0,0,0
8701,0,0,0,0
8702,0,0,0,0
8703,0,0,0,0
8704,0,0,0,0
8706,0,0,0,0
8707,0,0,0,0
8708,0,0,0,0
8709,0,0,0,0
8710,1,1,0,0
8711,0,0,0,0
8712,0,0,0,0
8713,0,0,1,0
8714,1,0,0,0
8716,0,0,0,0
8717,0,0,0,0
8718,0,0,0,0
8719,1,1,0,0
8720,0,0,0,0
8721,0,0,0,0
8722,0,0,0,0
8723,0,0,0,0
8724,0,0,0,0
9000,0,0,0,0
